Transaction_ID,Date,Product_ID,Product_Category,Unit_Sold,Price_per_Unit,Customer_ID,Region,Total_Sales
1,2023-11-23 22:11:42,784,Home & Kitchen,6,215.25728899402333,254,South,1291.5437339641398
2,2023-11-23 08:54:05,659,Books,8,456.2553650729919,265,East,3650.042920583935
3,2023-12-04 05:45:47,729,Sports,7,256.728631693377,294,North,1797.100421853639
4,2023-05-17 16:51:44,292,Sports,7,314.2123655968135,227,North,2199.4865591776947
5,2023-01-06 14:50:39,935,Electronics,4,418.164353267265,247,South,1672.65741306906
6,2023-08-14 17:17:46,863,Electronics,4,286.65258372395357,103,West,1146.6103348958143
7,2023-03-12 16:40:16,807,Clothing,5,54.57497625482611,241,North,272.87488127413053
8,2023-10-16 04:22:32,459,Books,5,490.67990639219363,246,East,2453.399531960968
9,2023-08-18 16:21:26,109,Books,2,130.46615793728853,276,South,260.93231587457706
10,2023-06-07 21:41:03,823,Electronics,4,358.1476110287973,292,West,1432.5904441151893
11,2023-06-29 05:14:26,377,Electronics,6,257.505584922692,125,South,1545.033509536152
12,2023-10-22 20:35:16,854,Electronics,2,244.59859204067698,147,North,489.19718408135395
13,2023-03-08 14:44:58,904,Clothing,8,129.5310012447768,261,North,1036.2480099582144
14,2023-08-15 17:49:51,699,Clothing,6,363.853875193051,270,East,2183.123251158306
15,2023-01-03 12:06:17,170,Clothing,5,65.26624976718375,105,South,326.33124883591876
16,2023-05-31 02:34:38,572,Books,3,495.32212158712775,204,South,1485.9663647613834
17,2023-05-30 00:53:06,700,Clothing,1,424.2330331825299,62,South,424.2330331825299
18,2023-03-28 06:47:08,496,Books,9,271.9093806028381,274,West,2447.184425425543
19,2023-01-06 13:41:40,414,Electronics,8,218.03094846842464,199,South,1744.2475877473971
20,2023-09-13 18:16:12,805,Books,2,150.36766990533513,25,South,300.73533981067027
21,2023-05-21 14:53:32,586,Sports,2,255.77982076097607,94,West,511.55964152195213
22,2023-08-28 03:41:44,651,Home & Kitchen,2,440.9145563918423,222,East,881.8291127836846
23,2023-03-16 17:55:42,187,Electronics,8,144.75313634333497,67,East,1158.0250907466798
24,2023-06-18 06:04:23,274,Sports,5,255.2633548135366,204,East,1276.3167740676831
25,2023-01-30 15:42:06,700,Home & Kitchen,9,124.92945201284512,47,South,1124.3650681156062
26,2023-08-08 18:22:20,949,Sports,7,175.20306569582624,169,West,1226.4214598707836
27,2023-10-16 03:16:43,777,Home & Kitchen,2,103.22764937243291,210,West,206.45529874486581
28,2023-01-18 11:43:48,637,Home & Kitchen,3,495.364205021382,168,East,1486.092615064146
29,2023-04-12 08:36:30,945,Clothing,9,290.03374876660325,266,South,2610.3037388994294
30,2023-05-05 12:04:24,172,Sports,5,369.0794107779808,283,East,1845.3970538899039
31,2023-10-20 20:52:17,877,Sports,8,58.14245759149799,277,North,465.1396607319839
32,2023-03-22 18:08:19,215,Electronics,9,189.39759953641473,107,North,1704.5783958277325
33,2023-07-19 18:23:11,855,Books,9,447.39350349318755,53,South,4026.541531438688
34,2023-04-09 15:30:14,809,Sports,4,51.37477994773447,296,East,205.49911979093787
35,2023-03-31 13:27:52,947,Sports,3,91.08678188641045,136,North,273.26034565923135
36,2023-04-10 23:59:53,531,Electronics,6,316.45462907207263,32,West,1898.7277744324358
37,2023-07-22 07:53:06,548,Electronics,7,315.16660711107033,97,South,2206.1662497774923
38,2023-06-23 22:58:10,950,Clothing,5,420.7312517824255,197,North,2103.6562589121277
39,2023-10-27 06:08:48,199,Books,6,468.3914542969965,156,North,2810.3487257819793
40,2023-08-01 14:11:30,277,Books,8,79.57337295837925,153,West,636.586983667034
41,2023-10-16 07:26:27,855,Clothing,1,137.09317107822974,137,South,137.09317107822974
42,2023-05-14 04:32:48,897,Electronics,4,219.45608878969537,45,North,877.8243551587815
43,2023-10-27 01:16:21,759,Electronics,6,10.442609905412318,219,North,62.65565943247391
44,2023-05-06 12:56:04,247,Electronics,6,44.209008450250515,39,South,265.2540507015031
45,2023-11-30 23:53:08,523,Sports,8,120.9807261911006,156,South,967.8458095288048
46,2023-12-21 09:33:10,388,Books,9,245.73996236774775,227,South,2211.65966130973
47,2023-09-18 22:38:37,365,Books,1,133.24614170262026,44,West,133.24614170262026
48,2023-03-25 22:57:37,797,Home & Kitchen,3,439.57412718929356,240,North,1318.7223815678808
49,2023-04-13 17:17:19,739,Home & Kitchen,7,168.89370901558544,9,East,1182.255963109098
50,2023-03-03 19:55:43,644,Sports,6,463.06517794988804,169,South,2778.3910676993282
51,2023-10-26 04:20:47,643,Sports,2,487.6457577600079,121,East,975.2915155200158
52,2023-11-19 01:03:01,814,Books,6,230.4321516147136,289,West,1382.5929096882817
53,2023-05-14 15:03:37,344,Home & Kitchen,2,121.29312028066857,210,East,242.58624056133715
54,2023-05-12 15:48:57,251,Clothing,3,152.91640537727162,205,North,458.7492161318148
55,2023-02-21 05:18:22,775,Electronics,4,390.4035040131286,17,West,1561.6140160525144
56,2023-08-21 18:47:46,610,Books,1,143.9413568183696,118,West,143.9413568183696
57,2023-07-04 22:12:57,559,Clothing,4,196.48560528093947,249,South,785.9424211237579
58,2023-01-13 21:01:45,982,Sports,1,244.50217065610641,80,North,244.50217065610641
59,2023-07-28 03:44:19,283,Electronics,2,291.8044470702922,221,South,583.6088941405844
60,2023-02-19 10:44:12,128,Sports,3,498.08921574760666,52,South,1494.26764724282
61,2023-01-18 00:42:16,902,Home & Kitchen,3,123.78278003016024,221,East,371.34834009048075
62,2023-04-09 20:53:40,228,Clothing,4,183.17761459160275,61,North,732.710458366411
63,2023-05-02 17:16:40,228,Electronics,5,138.8166767351504,19,East,694.083383675752
64,2023-04-23 17:42:25,153,Electronics,6,186.94558395541804,210,North,1121.6735037325084
65,2023-03-23 22:28:33,650,Sports,9,59.39421327836407,154,East,534.5479195052766
66,2023-11-08 08:37:34,588,Books,6,186.30678594811312,41,South,1117.8407156886788
67,2023-04-07 12:52:51,856,Clothing,2,445.05386541755036,261,South,890.1077308351007
68,2023-03-24 04:50:19,373,Electronics,7,156.30902544476004,98,South,1094.1631781133203
69,2023-12-27 06:33:50,435,Electronics,2,192.24804212604374,87,North,384.4960842520875
70,2023-01-01 03:53:58,488,Home & Kitchen,7,472.79234057458797,226,South,3309.546384022116
71,2023-03-23 02:01:15,717,Clothing,2,366.9057082001654,211,North,733.8114164003308
72,2023-08-01 23:04:38,142,Clothing,6,263.2019702608437,164,East,1579.2118215650623
73,2023-03-23 17:58:37,542,Electronics,7,390.8244369176859,241,East,2735.771058423801
74,2023-10-07 03:29:03,643,Clothing,3,70.35802793870693,85,East,211.07408381612078
75,2023-08-05 07:17:48,988,Clothing,3,237.60027307821272,100,South,712.8008192346382
76,2023-07-25 15:41:23,357,Electronics,3,67.93570308057448,104,North,203.80710924172345
77,2023-05-20 02:19:33,421,Electronics,9,124.4728910595942,9,South,1120.2560195363478
78,2023-06-09 04:17:27,157,Sports,7,79.51495727272672,122,South,556.604700909087
79,2023-07-17 13:31:13,391,Sports,4,187.28260719287826,27,South,749.130428771513
80,2023-09-02 13:47:21,970,Sports,5,197.00326699400367,105,North,985.0163349700183
81,2023-07-28 02:25:56,219,Sports,2,474.181205098288,96,North,948.362410196576
82,2023-09-17 05:24:46,879,Clothing,7,139.42160828188932,51,South,975.9512579732252
83,2023-09-06 10:48:39,530,Home & Kitchen,7,241.49013420509326,230,South,1690.4309394356528
84,2023-01-30 15:01:26,182,Electronics,9,407.5759079421085,20,North,3668.1831714789764
85,2023-12-05 13:59:38,191,Electronics,9,409.6526173539642,253,South,3686.873556185678
86,2023-07-04 15:53:22,996,Books,9,377.66816164715993,288,North,3399.0134548244396
87,2023-03-19 19:44:51,498,Home & Kitchen,6,151.03854344863575,294,West,906.2312606918144
88,2023-10-05 03:49:44,711,Home & Kitchen,3,252.53609351156496,140,West,757.6082805346948
89,2023-09-14 06:32:59,665,Electronics,3,101.24368164149439,133,East,303.7310449244832
90,2023-03-29 09:07:53,733,Home & Kitchen,6,102.31576616357408,243,East,613.8945969814445
91,2023-10-24 03:21:01,184,Books,6,223.56219443777235,26,South,1341.373166626634
92,2023-08-05 08:15:12,303,Clothing,5,371.91018840904115,77,North,1859.5509420452058
93,2023-05-04 15:16:48,424,Sports,2,268.02628739894055,257,North,536.0525747978811
94,2023-11-18 02:43:18,874,Books,2,444.47477821525166,228,South,888.9495564305033
95,2023-08-24 04:55:50,147,Sports,9,417.1453109110122,84,South,3754.3077981991096
96,2023-02-06 13:07:35,739,Electronics,9,25.486666981998724,124,North,229.3800028379885
97,2023-09-27 16:23:14,231,Clothing,4,288.52533100444583,100,East,1154.1013240177833
98,2023-02-09 23:37:55,968,Books,1,308.48901953426514,216,South,308.48901953426514
99,2023-02-07 03:20:02,280,Home & Kitchen,3,481.17182070703996,282,North,1443.51546212112
100,2023-04-18 16:37:01,946,Clothing,4,21.385947087342245,213,East,85.54378834936898
101,2023-01-16 20:30:10,243,Books,7,270.24084777462815,39,South,1891.6859344223972
102,2023-04-05 01:54:36,760,Clothing,5,110.34286734856767,232,West,551.7143367428383
103,2023-09-30 10:12:51,327,Electronics,8,36.29482408287866,144,East,290.3585926630293
104,2023-12-02 09:08:29,891,Home & Kitchen,6,297.86937711854443,204,East,1787.2162627112666
105,2023-03-14 16:19:58,819,Sports,6,388.57603038007323,283,South,2331.4561822804394
106,2023-10-27 09:36:49,473,Sports,4,389.684070120342,76,West,1558.736280481368
107,2023-06-27 11:04:01,953,Sports,9,24.84132097639432,283,North,223.5718887875489
108,2023-03-07 22:39:33,660,Books,8,209.40373613307878,285,North,1675.2298890646302
109,2023-07-28 14:57:34,405,Clothing,2,31.809717302824044,58,North,63.61943460564809
110,2023-08-26 22:59:57,681,Home & Kitchen,8,131.44093702547718,14,East,1051.5274962038175
111,2023-05-23 20:21:23,269,Home & Kitchen,6,104.51154435139468,279,West,627.0692661083681
112,2023-12-06 10:40:36,775,Books,5,115.43946382865704,252,East,577.1973191432852
113,2023-04-18 21:04:06,548,Home & Kitchen,1,176.168022876919,252,East,176.168022876919
114,2023-12-05 07:03:47,195,Home & Kitchen,6,145.93484049963917,91,South,875.609042997835
115,2023-11-17 00:39:34,297,Clothing,8,481.51715655052317,63,South,3852.1372524041853
116,2023-11-06 04:44:44,706,Clothing,9,182.67948880459724,134,West,1644.1153992413751
117,2023-12-31 01:19:57,356,Clothing,2,448.14453249355626,221,West,896.2890649871125
118,2023-09-05 07:25:52,981,Books,7,98.7104190452533,68,South,690.9729333167732
119,2023-01-20 22:56:43,790,Books,7,384.235964922225,24,East,2689.651754455575
120,2023-09-09 04:18:11,392,Books,1,40.05931265207495,6,South,40.05931265207495
121,2023-07-11 07:57:10,916,Home & Kitchen,3,236.75300243997722,219,South,710.2590073199317
122,2023-01-24 19:31:40,961,Sports,9,12.700115715407708,34,East,114.30104143866937
123,2023-06-30 06:44:34,487,Home & Kitchen,7,407.04247390402367,130,East,2849.2973173281657
124,2023-09-13 19:26:01,710,Clothing,7,475.7381576585141,64,West,3330.167103609599
125,2023-08-08 18:26:56,654,Sports,4,27.202611705301372,85,East,108.81044682120549
126,2023-07-16 06:50:27,468,Electronics,5,467.5847171219241,190,North,2337.92358560962
127,2023-06-07 23:42:00,301,Sports,5,389.188406830763,235,West,1945.9420341538148
128,2023-04-30 05:43:58,483,Clothing,5,185.84217360846972,205,South,929.2108680423486
129,2023-01-17 12:32:18,612,Clothing,2,455.34951009917455,288,West,910.6990201983491
130,2023-08-15 09:30:27,470,Clothing,5,155.16606291294147,238,South,775.8303145647074
131,2023-06-04 06:44:46,655,Clothing,4,210.55470299503338,244,East,842.2188119801335
132,2023-08-24 10:47:31,483,Electronics,9,57.3885184740906,85,West,516.4966662668154
133,2023-12-19 04:27:02,123,Sports,3,331.90009133107054,180,East,995.7002739932116
134,2023-01-19 21:50:02,799,Electronics,2,24.50440608371322,74,North,49.00881216742644
135,2023-03-14 18:09:35,230,Home & Kitchen,8,247.60358484752825,142,South,1980.828678780226
136,2023-01-03 02:20:31,477,Sports,9,344.7640066237416,105,East,3102.8760596136744
137,2023-08-09 09:19:02,198,Home & Kitchen,4,412.40642446506433,154,West,1649.6256978602573
138,2023-01-10 02:49:54,674,Home & Kitchen,4,83.47128091461445,247,North,333.8851236584578
139,2023-12-29 03:48:51,834,Home & Kitchen,1,379.50427946187153,207,South,379.50427946187153
140,2023-11-15 02:13:10,223,Clothing,8,362.34774154196447,245,East,2898.7819323357157
141,2023-01-27 20:43:46,694,Sports,8,284.1895617186943,271,West,2273.5164937495542
142,2023-01-13 22:59:53,839,Books,6,296.4758529160534,216,South,1778.8551174963204
143,2023-08-29 23:19:52,248,Sports,4,54.72265321982128,272,North,218.89061287928513
144,2023-07-07 15:14:48,309,Clothing,8,304.23081118778634,6,South,2433.8464895022908
145,2023-01-27 21:24:46,662,Sports,9,196.9458814647078,1,West,1772.5129331823703
146,2023-11-06 01:15:08,511,Clothing,6,435.114617157407,232,North,2610.687702944442
147,2023-07-11 03:14:23,882,Sports,6,163.4184520506352,200,East,980.5107123038113
148,2023-03-08 10:53:40,141,Sports,2,292.5315879081271,289,North,585.0631758162542
149,2023-01-21 20:07:46,158,Home & Kitchen,8,219.01998585358527,59,East,1752.1598868286821
150,2023-09-29 11:44:52,805,Electronics,7,439.3683497426534,30,North,3075.578448198574
151,2023-07-10 18:08:40,136,Sports,2,134.41916682470261,204,South,268.83833364940523
152,2023-04-21 10:15:05,878,Books,9,48.613156551635605,275,East,437.51840896472044
153,2023-01-17 00:10:41,186,Electronics,2,376.8413032817384,108,West,753.6826065634768
154,2023-10-16 06:09:22,143,Books,3,212.3193422850775,103,West,636.9580268552326
155,2023-04-24 05:25:19,972,Sports,1,298.65819597188283,245,North,298.65819597188283
156,2023-06-21 17:03:53,111,Clothing,3,22.930772539542048,191,South,68.79231761862614
157,2023-04-12 23:27:01,870,Sports,5,476.53379778472697,20,West,2382.668988923635
158,2023-12-20 20:56:21,407,Home & Kitchen,5,440.0330049186385,178,South,2200.1650245931924
159,2023-11-10 22:22:00,180,Clothing,9,315.695271282866,193,West,2841.257441545794
160,2023-09-23 11:54:50,132,Books,5,18.34462263518284,182,West,91.72311317591421
161,2023-11-14 17:30:39,282,Sports,8,195.20847225160952,61,North,1561.6677780128762
162,2023-04-04 05:37:54,228,Sports,6,489.61030349365296,59,South,2937.661820961918
163,2023-05-08 11:29:48,906,Clothing,3,343.85187578271496,186,West,1031.5556273481448
164,2023-06-03 07:39:29,375,Sports,4,88.88405204357538,147,East,355.5362081743015
165,2023-09-10 22:58:59,274,Electronics,1,235.6924068407053,170,South,235.6924068407053
166,2023-08-01 23:51:11,654,Books,8,483.7014944833081,263,South,3869.611955866465
167,2023-10-04 11:19:44,471,Sports,7,272.00700546413077,229,West,1904.0490382489154
168,2023-09-19 12:32:14,284,Sports,9,22.061118734614034,172,North,198.5500686115263
169,2023-07-19 13:41:18,544,Clothing,2,313.6883212952291,242,East,627.3766425904582
170,2023-03-16 11:01:37,588,Home & Kitchen,8,142.89610015626832,216,North,1143.1688012501465
171,2023-03-19 09:35:23,689,Books,7,58.43451641968314,124,West,409.041614937782
172,2023-07-21 13:03:46,386,Electronics,9,207.42513791862757,281,West,1866.8262412676481
173,2023-11-17 07:07:44,380,Electronics,5,283.67631774179995,51,East,1418.3815887089997
174,2023-02-05 19:26:20,737,Clothing,4,18.34995184342333,118,East,73.39980737369332
175,2023-05-23 10:43:24,870,Electronics,6,283.93293623161424,84,South,1703.5976173896854
176,2023-10-31 22:36:06,615,Home & Kitchen,3,260.4895419514223,259,South,781.468625854267
177,2023-07-27 05:47:01,194,Sports,1,399.01510771839247,29,South,399.01510771839247
178,2023-06-12 18:02:01,326,Books,2,217.53941023954462,39,West,435.07882047908925
179,2023-12-06 04:04:38,975,Sports,5,281.1907105382443,249,South,1405.9535526912214
180,2023-03-12 21:34:43,369,Clothing,1,373.5845589879919,300,West,373.5845589879919
181,2023-06-11 05:05:16,980,Sports,6,449.6014771731533,14,North,2697.6088630389195
182,2023-04-26 15:58:09,396,Home & Kitchen,9,196.21694225160687,34,North,1765.9524802644619
183,2023-11-23 15:11:09,428,Electronics,4,304.80041293374177,267,West,1219.201651734967
184,2023-03-04 06:28:15,119,Books,2,350.35934267402706,287,East,700.7186853480541
185,2023-01-11 19:56:31,707,Home & Kitchen,6,31.202631456676126,65,South,187.21578874005675
186,2023-10-30 15:28:45,940,Clothing,1,402.37264915820606,200,East,402.37264915820606
187,2023-09-28 09:56:26,510,Books,9,194.940790755543,127,North,1754.467116799887
188,2023-08-19 16:25:24,550,Sports,2,338.41708130736885,129,West,676.8341626147377
189,2023-07-07 01:55:51,348,Clothing,7,241.11539244042504,12,West,1687.8077470829753
190,2023-11-21 12:49:33,280,Sports,8,354.1461799189366,21,West,2833.1694393514927
191,2023-12-02 23:06:53,423,Home & Kitchen,2,364.92217982553166,258,West,729.8443596510633
192,2023-12-26 22:22:25,929,Home & Kitchen,5,103.86979660836899,199,South,519.3489830418449
193,2023-12-30 16:36:45,882,Clothing,9,334.46537480036073,239,South,3010.1883732032466
194,2023-09-12 02:10:47,964,Electronics,7,427.14848456222273,171,West,2990.0393919355593
195,2023-06-09 22:57:17,360,Clothing,8,125.42792824743766,125,South,1003.4234259795013
196,2023-12-02 02:32:43,849,Electronics,6,381.5099002480002,240,North,2289.059401488001
197,2023-12-08 02:58:56,239,Clothing,8,320.57430544605955,279,East,2564.5944435684764
198,2023-10-05 09:37:09,698,Clothing,9,478.0117568915563,159,South,4302.105812024007
199,2023-03-26 02:33:00,561,Books,6,137.5208228729628,39,South,825.1249372377769
200,2023-02-12 18:03:37,989,Electronics,2,85.59611105242173,196,East,171.19222210484347
201,2023-06-07 03:52:58,721,Electronics,5,162.93929748803293,193,East,814.6964874401647
202,2023-01-13 23:24:12,943,Home & Kitchen,8,136.39980131698016,7,West,1091.1984105358413
203,2023-07-11 03:57:10,796,Sports,9,380.84805263202134,34,East,3427.632473688192
204,2023-06-20 12:05:12,628,Home & Kitchen,8,369.22355888493115,286,South,2953.788471079449
205,2023-08-29 13:57:16,252,Electronics,8,338.1456014191136,15,South,2705.1648113529086
206,2023-12-30 20:06:05,249,Books,1,116.02576608465901,87,West,116.02576608465901
207,2023-01-18 00:51:26,210,Electronics,7,432.2853356451539,92,South,3025.9973495160775
208,2023-09-07 10:00:33,125,Sports,4,478.7200623708746,196,East,1914.8802494834983
209,2023-07-16 14:13:30,564,Sports,8,270.4868508732358,104,South,2163.8948069858866
210,2023-06-02 00:16:19,989,Clothing,3,328.19263800839906,25,West,984.5779140251972
211,2023-02-24 03:31:43,986,Books,7,255.33912852007543,236,North,1787.373899640528
212,2023-01-25 16:37:25,217,Home & Kitchen,4,148.94328040027588,33,South,595.7731216011035
213,2023-10-10 16:02:18,545,Books,6,150.21232595833607,243,East,901.2739557500164
214,2023-04-10 21:33:30,695,Clothing,9,163.57605614010745,282,West,1472.1845052609672
215,2023-04-06 13:46:03,773,Electronics,6,103.51650204043546,146,West,621.0990122426127
216,2023-03-30 15:31:14,972,Sports,1,451.94257998836565,152,North,451.94257998836565
217,2023-01-02 23:35:18,328,Electronics,7,430.61508568287604,292,East,3014.305599780132
218,2023-03-23 05:54:23,607,Electronics,2,236.20328704623,292,South,472.40657409246
219,2023-01-06 16:23:08,863,Clothing,5,189.95319215448353,163,North,949.7659607724177
220,2023-06-10 11:38:42,221,Home & Kitchen,8,470.1483947080783,85,South,3761.1871576646263
221,2023-05-06 06:03:47,426,Electronics,6,118.96299992407694,277,East,713.7779995444616
222,2023-12-26 23:31:15,569,Sports,3,281.2355601387328,263,South,843.7066804161984
223,2023-11-09 14:06:45,387,Sports,7,36.70409621565969,257,South,256.92867350961785
224,2023-11-22 04:54:52,625,Home & Kitchen,5,103.68907653855001,237,West,518.4453826927501
225,2023-04-23 07:57:13,939,Home & Kitchen,8,305.9731973461598,90,East,2447.7855787692783
226,2023-11-24 17:55:25,796,Clothing,4,334.4699898936432,72,East,1337.8799595745727
227,2023-05-22 21:33:09,252,Books,7,294.68795114988745,263,West,2062.8156580492123
228,2023-06-17 03:03:31,691,Sports,8,436.104693839652,222,South,3488.837550717216
229,2023-06-06 09:29:24,141,Electronics,1,496.76855820314603,158,West,496.76855820314603
230,2023-05-16 10:33:13,374,Clothing,7,384.29230265492646,104,West,2690.046118584485
231,2023-11-22 11:03:44,652,Home & Kitchen,5,237.89497423044185,20,East,1189.4748711522093
232,2023-03-30 19:07:43,538,Electronics,3,418.6279880325103,48,West,1255.883964097531
233,2023-05-08 11:59:36,307,Books,4,68.98982314134079,68,West,275.95929256536317
234,2023-05-29 15:36:50,879,Home & Kitchen,3,344.80264125850556,136,South,1034.4079237755168
235,2023-05-10 07:49:17,266,Books,1,263.98551585218263,57,South,263.98551585218263
236,2023-11-07 13:43:41,211,Books,6,97.25228426530201,94,North,583.513705591812
237,2023-01-29 08:02:01,449,Sports,9,486.7374724673049,213,West,4380.637252205744
238,2023-12-08 22:14:40,229,Sports,2,175.8343356915863,147,West,351.6686713831726
239,2023-07-14 14:15:40,835,Books,1,311.55746892205786,151,West,311.55746892205786
240,2023-01-11 00:29:27,986,Sports,6,440.5111763872265,47,South,2643.067058323359
241,2023-02-16 17:57:05,912,Home & Kitchen,3,258.2775335182621,296,West,774.8326005547863
242,2023-07-09 15:02:25,316,Books,2,66.4175465864516,57,South,132.8350931729032
243,2023-03-10 21:05:36,481,Books,4,411.1821513301721,163,East,1644.7286053206883
244,2023-04-02 01:00:04,124,Clothing,1,183.07474585881224,61,North,183.07474585881224
245,2023-11-18 22:19:32,167,Clothing,7,491.70276575700103,99,North,3441.919360299007
246,2023-08-10 07:25:10,871,Clothing,1,443.0744687578335,29,West,443.0744687578335
247,2023-02-15 20:46:19,334,Clothing,8,428.190173340989,249,North,3425.521386727912
248,2023-01-22 07:38:33,816,Electronics,4,184.56405699357072,60,West,738.2562279742829
249,2023-01-03 21:06:53,391,Clothing,9,380.9935911264422,14,South,3428.9423201379796
250,2023-01-22 06:31:18,826,Home & Kitchen,5,493.30124087077854,123,North,2466.506204353893
251,2023-04-06 13:17:27,801,Electronics,5,267.89758985615236,155,North,1339.4879492807618
252,2023-03-05 07:22:31,809,Home & Kitchen,6,240.65875592806347,78,West,1443.9525355683809
253,2023-09-18 13:41:56,827,Clothing,2,17.186252276314697,126,East,34.372504552629394
254,2023-11-29 11:57:14,655,Books,7,353.0998466801188,75,East,2471.6989267608315
255,2023-08-06 09:39:27,132,Electronics,9,430.6540086149085,88,South,3875.8860775341764
256,2023-10-12 13:49:09,111,Books,7,131.2540211800967,214,South,918.7781482606767
257,2023-01-16 01:32:39,716,Home & Kitchen,2,164.36204278618183,92,South,328.72408557236366
258,2023-07-12 09:00:17,312,Home & Kitchen,5,255.33174044981666,56,East,1276.6587022490833
259,2023-11-18 15:39:42,238,Electronics,5,45.31927710714326,86,North,226.59638553571628
260,2023-08-10 18:38:27,794,Home & Kitchen,9,53.924813288381124,224,North,485.3233195954301
261,2023-01-20 21:30:07,521,Electronics,7,216.3442718551596,92,West,1514.4099029861172
262,2023-12-08 04:18:25,737,Home & Kitchen,3,137.99728682467662,254,West,413.99186047402986
263,2023-04-18 15:58:43,768,Books,4,208.95827824105655,280,North,835.8331129642262
264,2023-07-04 08:37:45,723,Sports,9,232.64928606896964,200,East,2093.843574620727
265,2023-01-21 20:58:14,588,Clothing,1,488.3739644021679,277,East,488.3739644021679
266,2023-01-25 21:56:28,870,Clothing,6,472.68731185039024,292,East,2836.1238711023416
267,2023-07-06 12:31:34,639,Sports,9,78.46777425448538,198,West,706.2099682903684
268,2023-05-19 09:54:26,317,Sports,8,442.46712712880077,294,East,3539.737017030406
269,2023-06-08 22:54:36,763,Electronics,6,49.3012645417385,162,North,295.80758725043097
270,2023-03-17 03:21:34,921,Home & Kitchen,7,258.7413801616995,19,West,1811.1896611318966
271,2023-01-22 20:22:34,407,Books,6,90.31585105378502,288,West,541.8951063227101
272,2023-01-29 01:14:04,274,Clothing,8,189.28715122489768,287,North,1514.2972097991815
273,2023-03-25 06:37:20,248,Sports,5,374.23671056784565,174,East,1871.1835528392282
274,2023-05-26 06:01:52,641,Sports,3,218.00768488485645,131,West,654.0230546545694
275,2023-04-22 23:28:10,679,Sports,7,405.4061309099535,150,East,2837.8429163696746
276,2023-11-16 23:40:59,647,Home & Kitchen,7,362.2196984083955,275,North,2535.5378888587684
277,2023-11-23 11:34:03,907,Books,9,471.99132864339794,100,South,4247.9219577905815
278,2023-08-20 07:26:28,493,Sports,2,271.7364500870799,269,South,543.4729001741598
279,2023-06-06 20:46:36,173,Books,1,403.05249745401966,189,East,403.05249745401966
280,2023-04-07 02:05:51,397,Clothing,6,168.22448210515543,100,East,1009.3468926309326
281,2023-09-29 23:31:42,999,Electronics,1,179.41546409403367,32,South,179.41546409403367
282,2023-06-20 05:08:33,914,Electronics,2,206.25012715493767,237,East,412.50025430987534
283,2023-04-25 20:59:09,830,Clothing,5,211.34870980606362,50,South,1056.743549030318
284,2023-02-05 10:27:20,976,Electronics,2,60.594078126327524,108,West,121.18815625265505
285,2023-08-25 13:52:29,871,Sports,1,264.3584802726132,221,North,264.3584802726132
286,2023-07-27 02:48:43,899,Home & Kitchen,4,57.433577441822536,295,West,229.73430976729014
287,2023-07-23 14:58:18,877,Electronics,4,445.9834465516844,37,North,1783.9337862067375
288,2023-12-12 03:47:50,494,Clothing,1,40.30394377941363,34,East,40.30394377941363
289,2023-10-06 00:33:11,639,Home & Kitchen,9,230.3502708515613,100,South,2073.152437664052
290,2023-02-21 07:36:52,529,Clothing,3,149.50009253131094,106,East,448.5002775939328
291,2023-04-30 14:54:25,299,Sports,6,85.88601367069475,119,East,515.3160820241685
292,2023-03-02 19:50:46,523,Clothing,5,394.079978512684,27,West,1970.39989256342
293,2023-01-07 22:02:03,161,Sports,3,360.3168754705676,19,North,1080.9506264117028
294,2023-06-10 11:02:05,441,Electronics,5,81.51446618894143,217,South,407.5723309447071
295,2023-01-13 03:31:16,965,Home & Kitchen,3,320.055164142092,221,South,960.1654924262759
296,2023-08-10 20:45:41,144,Books,1,398.3520319919186,42,East,398.3520319919186
297,2023-11-27 06:53:29,902,Home & Kitchen,2,388.9327879812446,276,West,777.8655759624892
298,2023-05-03 01:01:14,188,Books,6,55.21700285504718,259,North,331.30201713028305
299,2023-04-16 21:25:30,133,Electronics,6,345.90123233243037,299,South,2075.407393994582
300,2023-12-09 22:38:15,745,Clothing,9,360.85172123295274,50,South,3247.6654910965744
301,2023-02-10 15:31:10,332,Sports,1,432.46147085059334,251,East,432.46147085059334
302,2023-12-13 16:42:00,867,Sports,1,258.94172604384346,158,North,258.94172604384346
303,2023-04-22 22:53:41,136,Sports,6,235.9360601486451,278,South,1415.6163608918707
304,2023-01-22 20:14:10,868,Electronics,8,482.9069992105402,210,North,3863.2559936843218
305,2023-12-10 17:13:36,559,Electronics,4,400.29100531198924,79,East,1601.164021247957
306,2023-05-31 15:09:29,390,Books,7,283.7781854951796,87,East,1986.4472984662575
307,2023-05-09 11:31:47,297,Home & Kitchen,1,172.00236494252695,208,West,172.00236494252695
308,2023-03-14 05:27:51,994,Home & Kitchen,3,424.16661804172026,243,West,1272.4998541251607
309,2023-08-19 09:46:38,354,Clothing,1,233.1638308375583,281,South,233.1638308375583
310,2023-01-04 03:10:32,180,Books,6,55.41574415749871,236,North,332.4944649449923
311,2023-04-20 04:44:29,546,Electronics,2,232.9030936295855,7,South,465.806187259171
312,2023-10-29 01:39:25,236,Electronics,8,437.2645141135717,62,South,3498.1161129085735
313,2023-03-28 08:34:13,289,Sports,4,229.6582519782783,42,West,918.6330079131131
314,2023-06-30 19:28:31,229,Books,3,17.03108239277156,189,North,51.09324717831468
315,2023-08-18 19:08:48,309,Books,4,309.6278087190701,108,East,1238.5112348762805
316,2023-06-27 19:10:03,468,Electronics,3,497.9567016715854,176,North,1493.870105014756
317,2023-09-04 11:31:27,391,Books,4,410.4518061798508,141,North,1641.8072247194032
318,2023-11-17 15:26:30,476,Sports,8,312.44659384289247,38,West,2499.5727507431397
319,2023-09-15 09:26:43,447,Sports,8,458.05545453096363,201,South,3664.443636247709
320,2023-01-03 20:48:04,268,Electronics,2,408.65502400902034,41,East,817.3100480180407
321,2023-03-15 12:38:34,984,Electronics,5,254.3332828426198,257,West,1271.666414213099
322,2023-03-16 08:49:30,904,Books,7,299.69793984961706,289,West,2097.8855789473196
323,2023-01-26 20:03:27,276,Books,8,368.33347650947974,245,East,2946.667812075838
324,2023-05-26 19:32:33,637,Home & Kitchen,1,424.7488203496437,21,South,424.7488203496437
325,2023-05-23 10:02:50,423,Books,1,38.50643716458859,250,South,38.50643716458859
326,2023-11-26 04:29:07,971,Books,7,389.653890008964,272,East,2727.577230062748
327,2023-06-04 18:49:02,608,Clothing,5,229.27668558931896,280,South,1146.3834279465948
328,2023-03-26 01:22:01,903,Electronics,5,333.79129454775494,55,West,1668.9564727387747
329,2023-05-21 09:14:53,214,Books,6,384.6701753698365,10,West,2308.021052219019
330,2023-06-30 17:22:35,898,Clothing,2,274.35594326344966,110,North,548.7118865268993
331,2023-05-17 17:07:14,129,Books,3,87.67227678439554,71,West,263.0168303531866
332,2023-10-29 03:36:04,853,Electronics,7,210.66814744395037,164,North,1474.6770321076526
333,2023-09-08 15:03:01,389,Home & Kitchen,9,47.66776693866609,212,South,429.0099024479948
334,2023-06-10 05:56:59,246,Sports,3,347.75733866607925,290,North,1043.2720159982377
335,2023-08-29 01:50:33,373,Electronics,6,477.3160291619109,102,South,2863.8961749714654
336,2023-10-25 16:29:00,321,Electronics,6,399.67387798985163,132,East,2398.0432679391097
337,2023-11-30 21:33:39,440,Clothing,9,200.99534716568817,123,South,1808.9581244911935
338,2023-07-01 00:28:28,609,Clothing,6,296.3028330426922,179,East,1777.8169982561533
339,2023-08-19 00:34:12,614,Clothing,2,159.0583311649659,4,South,318.1166623299318
340,2023-02-28 00:15:55,169,Home & Kitchen,5,275.11234378193285,31,South,1375.5617189096643
341,2023-03-22 23:28:33,457,Clothing,7,157.3561838344737,138,North,1101.493286841316
342,2023-03-17 04:22:30,656,Electronics,9,371.77913083131887,268,North,3346.01217748187
343,2023-02-12 04:55:32,985,Clothing,1,137.0773389136425,154,North,137.0773389136425
344,2023-12-30 06:17:18,865,Books,6,482.36999131260825,241,West,2894.2199478756493
345,2023-03-10 12:43:59,422,Books,7,334.35487876503043,253,North,2340.484151355213
346,2023-05-29 00:52:45,723,Sports,1,43.70114536508344,74,South,43.70114536508344
347,2023-06-28 11:53:09,191,Books,7,15.281104117789644,97,West,106.96772882452751
348,2023-06-20 19:58:47,441,Sports,1,498.5527086604992,204,West,498.5527086604992
349,2023-10-22 14:55:30,523,Books,7,118.04773332573883,164,North,826.3341332801718
350,2023-09-15 18:25:25,651,Home & Kitchen,8,163.15574674401702,185,West,1305.2459739521362
351,2023-10-28 04:56:44,762,Sports,2,112.1228669590331,195,South,224.2457339180662
352,2023-11-23 03:44:32,514,Books,2,464.76986851087935,97,South,929.5397370217587
353,2023-07-26 00:07:41,757,Sports,6,329.4863012376209,93,East,1976.9178074257256
354,2023-05-24 05:36:21,810,Sports,1,257.1492985424943,101,South,257.1492985424943
355,2023-06-27 07:41:49,374,Books,7,283.2488991013595,249,North,1982.7422937095164
356,2023-12-29 12:47:43,960,Electronics,5,165.75769517660177,75,East,828.7884758830089
357,2023-03-06 18:24:47,143,Clothing,5,310.9457511582823,286,West,1554.7287557914115
358,2023-08-18 20:16:54,183,Sports,5,215.60417809291664,190,East,1078.0208904645833
359,2023-01-18 17:50:07,533,Sports,8,107.6217917478478,42,East,860.9743339827824
360,2023-07-05 02:24:58,909,Sports,3,331.7364988578419,192,South,995.2094965735257
361,2023-11-21 04:19:29,193,Clothing,2,193.1818789370139,158,North,386.3637578740278
362,2023-08-27 15:56:15,274,Sports,5,394.6825257674092,254,East,1973.4126288370458
363,2023-02-28 22:36:47,505,Sports,9,213.54352917966824,36,South,1921.8917626170141
364,2023-04-05 15:54:57,301,Books,5,259.0529737726362,235,South,1295.2648688631812
365,2023-07-22 10:50:11,957,Electronics,5,395.8585747986392,209,East,1979.292873993196
366,2023-05-18 03:37:01,598,Home & Kitchen,8,229.46026553066827,85,North,1835.6821242453461
367,2023-08-23 19:12:41,580,Home & Kitchen,1,483.44835621084064,34,West,483.44835621084064
368,2023-04-19 18:51:22,429,Clothing,8,398.5840469256047,132,West,3188.6723754048376
369,2023-01-27 16:59:53,640,Home & Kitchen,9,414.9508986043395,238,South,3734.5580874390553
370,2023-06-30 17:26:27,309,Electronics,6,477.4210286848265,101,West,2864.526172108959
371,2023-12-05 13:51:31,717,Home & Kitchen,3,200.53680813317163,191,East,601.6104243995148
372,2023-09-30 02:08:20,996,Electronics,7,294.2393294492637,26,South,2059.675306144846
373,2023-12-15 19:07:54,675,Electronics,6,349.8599529898457,294,North,2099.159717939074
374,2023-01-11 21:24:41,116,Books,7,339.9946569349091,203,North,2379.9625985443636
375,2023-02-18 22:33:12,206,Home & Kitchen,6,476.9390293348996,225,North,2861.6341760093974
376,2023-04-17 13:36:38,264,Sports,4,151.2908306003839,196,North,605.1633224015357
377,2023-12-17 22:33:07,706,Clothing,4,152.76714902673606,128,South,611.0685961069443
378,2023-08-02 16:40:37,636,Sports,1,459.82215699918186,192,North,459.82215699918186
379,2023-11-22 06:12:36,728,Home & Kitchen,4,401.6597644460142,214,East,1606.6390577840568
380,2023-07-15 07:26:39,291,Home & Kitchen,5,109.6447457941029,78,North,548.2237289705145
381,2023-09-08 09:38:24,295,Sports,2,289.32297026545615,97,North,578.6459405309123
382,2023-11-05 11:47:56,407,Books,1,375.4242297072008,107,West,375.4242297072008
383,2023-11-23 17:53:41,236,Home & Kitchen,4,182.98783131927948,6,East,731.9513252771179
384,2023-03-11 12:33:03,959,Books,4,222.84730309848112,278,North,891.3892123939245
385,2023-07-07 10:50:56,193,Clothing,5,291.94433971383756,169,North,1459.7216985691878
386,2023-10-24 07:16:31,991,Home & Kitchen,7,238.8831931986232,142,East,1672.1823523903622
387,2023-12-24 19:02:47,850,Sports,6,378.9907711338261,28,North,2273.944626802957
388,2023-04-28 13:10:09,187,Books,8,12.909989304704169,35,South,103.27991443763335
389,2023-03-06 04:43:00,260,Clothing,2,222.96993695161473,56,South,445.93987390322945
390,2023-09-24 17:35:42,247,Electronics,6,175.41487391114705,250,North,1052.4892434668823
391,2023-02-07 18:30:50,684,Clothing,8,308.4903858866152,45,South,2467.9230870929214
392,2023-07-16 00:19:15,555,Books,7,390.2196365218662,232,East,2731.5374556530637
393,2023-06-10 16:36:44,187,Home & Kitchen,7,47.31112947874981,177,South,331.1779063512487
394,2023-09-16 10:36:24,113,Home & Kitchen,7,87.44926946458428,18,North,612.1448862520899
395,2023-12-10 05:11:29,414,Electronics,2,335.88999582959633,225,North,671.7799916591927
396,2023-11-10 18:30:18,693,Books,9,371.8171960975543,268,North,3346.3547648779886
397,2023-02-01 16:58:21,220,Home & Kitchen,5,298.2188707686293,199,North,1491.0943538431466
398,2023-04-23 09:00:53,984,Home & Kitchen,3,491.57364099428395,211,East,1474.7209229828518
399,2023-01-27 17:09:12,932,Books,1,254.73612966222157,290,North,254.73612966222157
400,2023-12-20 03:35:28,815,Clothing,3,76.78324419784536,52,East,230.3497325935361
401,2023-08-20 21:30:07,832,Sports,9,346.2826195818292,82,East,3116.5435762364627
402,2023-01-05 20:19:06,381,Clothing,4,305.01700587545105,267,North,1220.0680235018042
403,2023-02-14 01:00:20,900,Books,8,299.3065227648291,205,South,2394.4521821186327
404,2023-09-25 07:43:05,526,Clothing,3,277.46828127073513,42,West,832.4048438122054
405,2023-05-01 21:33:45,882,Home & Kitchen,2,470.1568976792741,260,South,940.3137953585482
406,2023-02-12 22:46:44,570,Books,5,73.28663444501342,233,South,366.4331722250671
407,2023-05-01 18:19:13,384,Home & Kitchen,5,45.8666762772394,227,North,229.333381386197
408,2023-08-22 14:26:29,376,Home & Kitchen,5,85.5174129948867,135,South,427.5870649744335
409,2023-12-18 13:35:54,424,Home & Kitchen,3,130.04520285342574,5,East,390.1356085602772
410,2023-05-19 10:49:02,634,Clothing,5,300.54369652386987,133,South,1502.7184826193493
411,2023-07-11 01:33:08,327,Sports,9,310.08837205739985,64,West,2790.7953485165986
412,2023-04-06 16:15:06,990,Electronics,8,123.9749199539713,237,East,991.7993596317704
413,2023-01-24 05:50:45,695,Sports,9,249.72049466235939,279,South,2247.4844519612343
414,2023-10-09 16:38:19,747,Electronics,6,246.21030785619007,88,West,1477.2618471371404
415,2023-11-26 04:27:50,673,Books,2,232.02427547976023,283,East,464.04855095952047
416,2023-09-08 00:22:41,753,Sports,9,403.7371945072025,119,South,3633.6347505648228
417,2023-12-18 13:29:27,617,Electronics,9,241.1296042390596,140,South,2170.1664381515366
418,2023-09-12 22:16:52,356,Home & Kitchen,7,381.59909301852133,13,West,2671.1936511296494
419,2023-10-12 21:48:41,236,Books,1,91.57575458435105,3,West,91.57575458435105
420,2023-04-28 21:49:53,307,Sports,1,270.6639985958523,92,East,270.6639985958523
421,2023-12-31 18:01:34,563,Clothing,3,413.81134027096584,205,West,1241.4340208128974
422,2023-07-14 19:46:05,239,Books,4,97.08112611896625,118,South,388.324504475865
423,2023-03-04 14:29:00,104,Home & Kitchen,3,237.81186266185455,122,South,713.4355879855636
424,2023-10-01 07:34:51,523,Home & Kitchen,2,308.4488648575012,122,West,616.8977297150024
425,2023-01-07 16:47:11,448,Home & Kitchen,6,100.5395416702708,234,West,603.2372500216247
426,2023-06-20 19:41:34,382,Electronics,7,380.8151468965875,36,West,2665.7060282761126
427,2023-10-12 06:12:33,686,Sports,2,48.70816142019554,129,South,97.41632284039108
428,2023-07-09 08:51:17,920,Books,9,473.7435993647822,78,West,4263.69239428304
429,2023-11-18 10:43:59,533,Sports,8,239.42853216688653,102,West,1915.4282573350922
430,2023-08-13 16:01:26,319,Sports,8,174.70031231908348,11,North,1397.6024985526678
431,2023-11-27 21:14:47,919,Electronics,4,67.23543350969378,276,North,268.9417340387751
432,2023-03-27 00:55:24,839,Electronics,5,221.9723551032537,237,South,1109.8617755162686
433,2023-05-28 18:34:07,973,Home & Kitchen,7,333.3039744014782,156,West,2333.127820810347
434,2023-05-15 14:14:32,886,Sports,7,56.2987667797682,266,South,394.0913674583774
435,2023-06-30 03:49:50,473,Electronics,5,160.0718566321968,113,North,800.3592831609841
436,2023-06-17 03:58:35,390,Home & Kitchen,2,419.6486155586284,269,West,839.2972311172568
437,2023-04-11 08:48:01,663,Books,3,326.62870254318034,240,East,979.886107629541
438,2023-12-17 02:46:06,770,Electronics,1,111.12277581023572,231,South,111.12277581023572
439,2023-12-07 05:22:57,537,Electronics,1,88.8457999386137,103,South,88.8457999386137
440,2023-10-24 04:52:25,926,Books,8,453.1976628384409,70,West,3625.5813027075274
441,2023-02-07 09:24:25,923,Books,7,150.63990845708236,63,East,1054.4793591995765
442,2023-12-29 19:13:55,608,Electronics,3,97.95508276032885,13,East,293.8652482809865
443,2023-02-11 22:53:20,886,Books,9,499.9823690858752,67,East,4499.841321772877
444,2023-06-17 08:24:39,955,Books,9,161.50399561117388,60,West,1453.535960500565
445,2023-10-25 08:17:39,549,Home & Kitchen,3,71.12269202658821,25,West,213.36807607976465
446,2023-08-02 17:58:57,426,Electronics,2,236.26123857894407,222,West,472.52247715788815
447,2023-06-10 01:13:54,590,Books,3,222.82910399725623,133,West,668.4873119917687
448,2023-12-23 03:04:57,153,Home & Kitchen,8,464.1332131568622,200,South,3713.0657052548977
449,2023-09-07 20:47:46,916,Electronics,7,75.76042426338933,73,East,530.3229698437253
450,2023-11-08 22:38:53,194,Electronics,7,54.65683900336035,87,East,382.5978730235225
451,2023-07-21 18:07:15,159,Electronics,3,55.55954874427325,80,North,166.67864623281974
452,2023-08-10 02:00:45,436,Books,2,453.1008582528958,277,East,906.2017165057916
453,2023-11-03 06:01:20,766,Books,6,230.1908972009278,49,South,1381.1453832055668
454,2023-11-25 00:57:23,736,Sports,7,83.79719879606058,88,South,586.5803915724241
455,2023-07-03 19:55:57,263,Home & Kitchen,4,300.9767482058524,49,North,1203.9069928234096
456,2023-06-01 23:04:44,670,Sports,5,273.4354442689077,219,West,1367.1772213445386
457,2023-08-08 11:40:52,206,Home & Kitchen,3,107.21930639696068,140,South,321.657919190882
458,2023-01-14 07:06:05,301,Clothing,2,305.4886883189218,153,South,610.9773766378436
459,2023-12-13 13:40:59,400,Sports,7,176.71330481530333,154,North,1236.9931337071234
460,2023-10-13 19:12:21,881,Electronics,1,126.80167618812628,23,East,126.80167618812628
461,2023-09-23 00:42:42,989,Clothing,3,260.0962993405238,163,East,780.2888980215714
462,2023-08-26 08:46:24,938,Clothing,7,152.90813814302993,158,South,1070.3569670012096
463,2023-11-01 10:34:28,650,Clothing,4,118.84856166299448,141,West,475.39424665197794
464,2023-10-17 11:07:41,779,Home & Kitchen,8,441.0639800668404,277,North,3528.511840534723
465,2023-02-08 01:30:03,748,Books,6,86.32366252097448,76,East,517.9419751258469
466,2023-01-05 07:16:46,113,Books,3,147.48908886956792,111,South,442.46726660870377
467,2023-05-18 14:09:15,820,Clothing,7,199.2078061264146,249,East,1394.4546428849021
468,2023-06-26 16:07:13,634,Books,7,144.0827720470112,268,South,1008.5794043290783
469,2023-04-16 22:59:01,604,Electronics,2,113.24821486310711,291,East,226.49642972621422
470,2023-03-26 14:18:44,947,Books,1,387.86158755674813,298,East,387.86158755674813
471,2023-01-21 07:57:27,876,Home & Kitchen,2,171.21791777455493,150,South,342.43583554910987
472,2023-11-24 11:11:18,839,Clothing,4,65.13134927267583,203,East,260.52539709070334
473,2023-12-23 13:32:11,874,Sports,4,275.0386296037809,92,South,1100.1545184151237
474,2023-11-27 21:05:17,309,Electronics,2,71.48936364584105,82,North,142.9787272916821
475,2023-12-01 13:20:25,555,Sports,4,185.18460764605467,190,East,740.7384305842187
476,2023-10-05 12:06:34,568,Clothing,5,442.0951135134191,148,West,2210.4755675670954
477,2023-03-09 21:37:18,573,Clothing,4,190.88898560204765,250,North,763.5559424081906
478,2023-07-04 07:50:23,672,Sports,6,319.9293974012425,8,West,1919.576384407455
479,2023-08-06 11:50:23,500,Clothing,7,262.16651264422933,145,South,1835.1655885096052
480,2023-12-11 02:02:55,156,Clothing,9,77.48517443120805,169,West,697.3665698808725
481,2023-03-05 13:10:35,982,Clothing,6,328.04410291750924,191,East,1968.2646175050554
482,2023-07-22 07:39:12,849,Books,6,429.4571484975651,195,West,2576.7428909853907
483,2023-09-06 06:26:21,763,Books,9,55.67411228221859,11,West,501.06701053996727
484,2023-10-09 21:07:12,380,Home & Kitchen,5,379.3032436735979,298,East,1896.5162183679895
485,2023-08-03 01:50:02,104,Sports,6,348.2035279442993,75,East,2089.2211676657957
486,2023-02-12 03:57:15,712,Electronics,1,434.6636817486015,160,North,434.6636817486015
487,2023-11-11 15:27:50,405,Sports,4,61.005046745398836,82,East,244.02018698159534
488,2023-09-25 16:04:07,443,Sports,2,159.7907359043726,62,East,319.5814718087452
489,2023-01-19 20:16:59,642,Home & Kitchen,7,350.20282874092334,282,South,2451.4198011864632
490,2023-04-25 12:37:46,666,Books,9,20.78880965445862,183,East,187.0992868901276
491,2023-02-09 13:33:43,253,Electronics,7,369.69708208793946,251,East,2587.879574615576
492,2023-08-16 14:04:05,888,Electronics,4,430.40950371054925,177,North,1721.638014842197
493,2023-09-23 13:44:18,453,Home & Kitchen,5,232.1189856646112,93,West,1160.594928323056
494,2023-12-04 07:53:32,457,Clothing,6,222.82165267905953,273,West,1336.9299160743572
495,2023-04-22 09:18:48,797,Sports,9,146.44979141398935,241,North,1318.048122725904
496,2023-03-06 13:55:58,507,Sports,3,12.475416302492793,201,West,37.42624890747838
497,2023-06-17 07:23:06,511,Electronics,4,101.28872316651446,124,East,405.15489266605783
498,2023-10-23 15:37:02,129,Sports,3,490.13341802696186,177,West,1470.4002540808856
499,2023-05-19 21:51:29,471,Electronics,2,434.97017778946474,169,West,869.9403555789295
500,2023-01-21 16:50:20,921,Books,2,140.58727298697147,175,North,281.17454597394294
501,2023-03-14 13:13:18,731,Books,9,482.23693998931276,224,West,4340.132459903814
502,2023-01-21 11:24:58,954,Electronics,7,190.17918181711008,279,West,1331.2542727197706
503,2023-02-17 22:38:14,602,Home & Kitchen,4,155.81683362807823,193,West,623.2673345123129
504,2023-06-26 22:06:40,107,Sports,3,84.87574137044373,205,East,254.6272241113312
505,2023-03-11 06:34:04,717,Electronics,3,451.78942406023026,169,East,1355.3682721806908
506,2023-12-20 04:43:46,237,Home & Kitchen,5,493.62632062276106,249,East,2468.1316031138053
507,2023-07-13 15:03:17,794,Books,8,170.4315879858144,160,West,1363.452703886515
508,2023-05-21 01:31:48,996,Sports,3,354.68090744562915,61,West,1064.0427223368874
509,2023-05-09 20:58:25,951,Sports,5,174.29867080668177,285,West,871.4933540334089
510,2023-06-29 23:16:58,476,Books,5,61.44546225967306,125,West,307.2273112983653
511,2023-09-14 08:16:58,821,Clothing,2,202.41923037233872,186,East,404.83846074467743
512,2023-04-12 10:18:06,248,Electronics,6,280.26928077297623,84,East,1681.6156846378574
513,2023-11-29 09:08:22,985,Home & Kitchen,4,70.27821199648218,97,West,281.11284798592874
514,2023-08-26 18:55:11,359,Home & Kitchen,8,410.95365964698294,107,North,3287.6292771758635
515,2023-08-18 20:44:19,226,Clothing,5,253.70792727771186,300,South,1268.5396363885593
516,2023-06-17 06:19:17,910,Home & Kitchen,3,124.84764672724076,69,East,374.54294018172226
517,2023-06-29 18:37:51,677,Home & Kitchen,1,300.45219348604223,210,East,300.45219348604223
518,2023-11-22 17:02:57,632,Sports,3,398.69705996665704,94,East,1196.0911798999712
519,2023-12-14 16:45:12,904,Electronics,3,170.53593103546814,27,East,511.6077931064044
520,2023-09-10 20:03:43,424,Sports,7,353.72339895629125,218,West,2476.063792694039
521,2023-01-17 13:15:15,212,Books,9,219.6509981905368,42,North,1976.858983714831
522,2023-09-01 10:28:12,750,Sports,2,482.3850727343445,227,East,964.770145468689
523,2023-04-07 02:05:42,337,Clothing,2,387.76064243533847,161,South,775.5212848706769
524,2023-12-22 01:27:30,460,Electronics,2,184.61194223579025,141,West,369.2238844715805
525,2023-08-26 02:28:02,959,Clothing,1,18.696499940263415,89,West,18.696499940263415
526,2023-03-10 20:08:42,655,Electronics,2,332.1847487364097,111,South,664.3694974728194
527,2023-08-05 03:30:08,163,Electronics,8,106.95735770657762,200,East,855.658861652621
528,2023-04-07 08:01:53,554,Electronics,1,69.72079606807505,296,East,69.72079606807505
529,2023-06-07 19:38:45,365,Home & Kitchen,7,466.57046118442895,162,East,3265.9932282910027
530,2023-06-25 13:18:14,544,Sports,6,499.97499540530924,95,South,2999.8499724318553
531,2023-07-25 01:12:37,703,Home & Kitchen,9,142.24552207654872,61,North,1280.2096986889385
532,2023-07-11 02:55:46,723,Home & Kitchen,6,157.86659056130964,158,North,947.1995433678578
533,2023-01-21 00:45:47,519,Sports,7,90.84458022670266,168,North,635.9120615869186
534,2023-06-21 17:51:52,439,Clothing,9,234.26554020551563,151,South,2108.3898618496405
535,2023-07-09 02:32:15,944,Electronics,2,434.2634423195163,228,South,868.5268846390326
536,2023-08-13 06:26:10,374,Clothing,5,353.7379165411901,54,North,1768.6895827059504
537,2023-08-05 06:30:27,469,Clothing,6,424.702463457528,193,East,2548.214780745168
538,2023-11-17 18:59:29,942,Books,1,121.95601128005443,27,East,121.95601128005443
539,2023-12-20 13:42:51,326,Home & Kitchen,6,367.92347303015526,69,North,2207.5408381809316
540,2023-08-17 15:10:48,325,Electronics,7,460.07804791406954,44,North,3220.546335398487
541,2023-10-04 22:50:34,743,Sports,2,147.89389596505129,138,South,295.78779193010257
542,2023-03-05 03:55:21,328,Clothing,2,348.4202363596807,71,South,696.8404727193614
543,2023-06-02 02:32:45,926,Books,4,206.3221317280287,6,West,825.2885269121148
544,2023-11-16 08:53:37,997,Books,2,152.21105612787207,2,South,304.42211225574414
545,2023-01-22 01:41:57,469,Clothing,7,485.11549968963124,87,West,3395.8084978274187
546,2023-02-10 12:34:22,228,Clothing,1,180.83028268446344,27,North,180.83028268446344
547,2023-08-18 09:01:31,907,Books,8,62.846343817736766,134,North,502.77075054189413
548,2023-07-12 05:27:42,124,Home & Kitchen,7,200.40871271396443,283,East,1402.860988997751
549,2023-07-05 11:25:41,798,Books,5,229.36236257039135,79,West,1146.8118128519568
550,2023-10-01 12:38:03,392,Books,3,378.5833044946266,137,South,1135.7499134838797
551,2023-05-05 22:58:47,455,Books,4,475.45799080403134,276,East,1901.8319632161254
552,2023-12-13 13:56:35,937,Home & Kitchen,7,410.3579220591642,76,East,2872.5054544141494
553,2023-06-12 10:55:48,234,Home & Kitchen,7,466.16124251500196,175,West,3263.1286976050137
554,2023-05-07 12:07:27,103,Home & Kitchen,3,242.77946368771623,278,East,728.3383910631487
555,2023-08-16 00:42:56,326,Sports,2,362.46511843585273,190,West,724.9302368717055
556,2023-07-10 21:39:17,989,Sports,8,161.43429665607718,58,West,1291.4743732486174
557,2023-04-03 09:11:39,780,Sports,9,44.097683174318796,54,South,396.87914856886914
558,2023-06-21 07:39:22,544,Sports,9,189.08202740973684,122,North,1701.7382466876315
559,2023-12-22 05:22:36,517,Electronics,5,351.97846188086584,167,South,1759.8923094043291
560,2023-04-08 18:18:40,384,Electronics,3,144.56483402154143,133,West,433.6945020646243
561,2023-04-24 05:49:23,936,Electronics,9,432.0888888643453,126,West,3888.7999997791076
562,2023-08-06 08:14:58,126,Clothing,1,397.4786964916219,232,South,397.4786964916219
563,2023-12-16 05:08:17,836,Electronics,4,105.08084910045545,45,South,420.3233964018218
564,2023-12-07 14:01:07,348,Clothing,1,172.1100136204953,14,East,172.1100136204953
565,2023-07-08 04:09:18,465,Books,6,414.39828259905494,208,East,2486.3896955943296
566,2023-12-05 02:45:07,301,Electronics,8,129.52951686053672,1,East,1036.2361348842937
567,2023-06-15 19:27:23,537,Home & Kitchen,8,172.485051376894,114,North,1379.880411015152
568,2023-04-14 11:05:09,297,Sports,5,178.1027968873125,197,North,890.5139844365625
569,2023-09-26 11:51:11,747,Clothing,9,402.5105936346257,46,North,3622.5953427116315
570,2023-04-25 09:07:31,737,Books,3,28.144830146458215,151,North,84.43449043937464
571,2023-04-15 12:28:12,706,Electronics,6,46.15562172949301,287,South,276.933730376958
572,2023-04-16 08:46:28,172,Sports,2,293.4412585998394,33,West,586.8825171996788
573,2023-05-09 14:45:43,346,Home & Kitchen,8,204.58487558807266,120,East,1636.6790047045813
574,2023-01-19 16:19:47,952,Books,8,320.1138066092467,96,East,2560.9104528739736
575,2023-07-16 17:33:12,235,Home & Kitchen,2,140.5660253278976,46,West,281.1320506557952
576,2023-09-24 21:06:36,807,Electronics,6,455.6955119659648,101,South,2734.173071795789
577,2023-05-19 04:19:31,313,Clothing,1,382.8615247154835,189,West,382.8615247154835
578,2023-07-20 17:26:40,575,Books,8,43.19564806969405,20,South,345.5651845575524
579,2023-05-15 06:08:06,720,Electronics,9,394.1136838696667,99,West,3547.0231548270003
580,2023-03-22 16:46:51,423,Electronics,5,485.0953624330031,146,West,2425.4768121650154
581,2023-01-04 18:45:40,202,Clothing,6,471.7934540878618,237,East,2830.7607245271706
582,2023-01-11 06:37:21,952,Clothing,3,370.3870610324694,260,West,1111.1611830974082
583,2023-05-14 21:19:22,427,Electronics,1,70.56093920579565,189,East,70.56093920579565
584,2023-11-26 06:24:23,695,Clothing,9,292.2776152618225,66,North,2630.4985373564027
585,2023-04-27 10:53:12,323,Books,7,149.2740371318395,144,North,1044.9182599228764
586,2023-06-07 06:40:56,356,Clothing,6,485.4043423817611,265,South,2912.4260542905668
587,2023-02-23 01:52:09,745,Books,4,361.5680054271886,11,East,1446.2720217087544
588,2023-04-08 16:12:05,447,Electronics,9,309.27513899583545,45,West,2783.476250962519
589,2023-12-26 14:43:48,207,Sports,1,350.59314087631583,141,East,350.59314087631583
590,2023-11-19 07:14:57,619,Electronics,8,224.60977326374345,4,North,1796.8781861099476
591,2023-11-30 05:24:45,249,Electronics,3,192.64100820442727,279,North,577.9230246132818
592,2023-11-16 07:52:41,576,Electronics,9,468.54179392558245,141,East,4216.876145330242
593,2023-06-29 20:39:17,492,Books,8,172.64429604841646,154,South,1381.1543683873317
594,2023-07-08 22:45:26,783,Sports,7,30.303704549032464,182,West,212.12593184322725
595,2023-03-19 20:55:46,658,Clothing,1,206.4116755356841,91,North,206.4116755356841
596,2023-10-25 20:05:36,100,Home & Kitchen,6,397.2667727846194,41,East,2383.600636707716
597,2023-12-11 15:01:58,460,Books,3,327.74949544397055,170,South,983.2484863319116
598,2023-06-02 16:03:37,791,Electronics,7,481.4636799841586,129,East,3370.24575988911
599,2023-07-15 22:21:02,650,Electronics,9,62.038915133377444,184,West,558.350236200397
600,2023-03-20 13:42:11,189,Home & Kitchen,5,456.65768809239785,60,West,2283.288440461989
601,2023-08-15 21:50:24,174,Clothing,1,190.73610501789045,231,West,190.73610501789045
602,2023-02-08 01:40:10,599,Sports,4,242.26126685673702,181,East,969.0450674269481
603,2023-07-25 17:19:40,838,Electronics,5,219.95625569972486,156,East,1099.7812784986243
604,2023-04-29 06:17:53,735,Home & Kitchen,2,67.0616177352963,41,West,134.1232354705926
605,2023-08-04 21:20:28,443,Electronics,9,131.42026330534247,214,South,1182.7823697480821
606,2023-01-12 19:44:02,196,Home & Kitchen,3,373.7130689225981,22,South,1121.1392067677943
607,2023-01-07 13:45:07,951,Clothing,9,21.27369550439065,77,West,191.46325953951583
608,2023-04-10 17:19:52,382,Home & Kitchen,9,75.60500944927452,136,East,680.4450850434707
609,2023-08-23 19:29:47,818,Electronics,8,22.352982707761534,132,East,178.82386166209227
610,2023-10-03 16:53:01,132,Books,4,430.1201480885391,28,South,1720.4805923541564
611,2023-06-20 22:50:40,215,Clothing,7,312.48916561307203,186,West,2187.424159291504
612,2023-08-09 23:23:45,554,Home & Kitchen,4,93.26504443809382,242,East,373.0601777523753
613,2023-10-24 06:51:48,965,Books,8,386.69838929633926,178,East,3093.587114370714
614,2023-06-24 16:25:52,528,Sports,8,483.73229275126135,175,South,3869.858342010091
615,2023-02-19 23:42:52,927,Sports,3,467.9345835197089,202,North,1403.8037505591267
616,2023-08-18 10:12:11,925,Home & Kitchen,8,461.558298427961,37,West,3692.466387423688
617,2023-03-20 16:45:37,790,Clothing,9,13.827005548814181,9,South,124.44304993932764
618,2023-02-03 10:56:04,273,Electronics,5,298.61660960278647,167,North,1493.0830480139323
619,2023-04-03 16:33:21,845,Sports,4,135.74998215312434,46,North,542.9999286124973
620,2023-01-03 14:51:55,232,Books,1,286.6771350118308,173,South,286.6771350118308
621,2023-06-30 01:31:04,541,Books,3,165.8348416886718,90,North,497.5045250660154
622,2023-08-25 04:41:43,193,Books,6,85.29660595858017,104,West,511.779635751481
623,2023-04-17 23:21:58,447,Sports,5,227.8019244455899,104,East,1139.0096222279494
624,2023-11-25 09:59:42,501,Home & Kitchen,3,252.59720031642297,243,South,757.791600949269
625,2023-02-09 02:27:50,519,Sports,8,494.98509835533605,18,West,3959.8807868426884
626,2023-06-21 00:16:13,806,Clothing,4,30.770063227884656,268,North,123.08025291153862
627,2023-11-25 23:49:45,504,Clothing,8,157.56604745966553,18,North,1260.5283796773242
628,2023-10-01 20:08:14,285,Home & Kitchen,4,427.4279840932781,294,South,1709.7119363731124
629,2023-07-31 07:19:46,475,Books,2,333.25079408176094,95,South,666.5015881635219
630,2023-12-07 16:00:27,776,Sports,5,415.074685604489,186,East,2075.373428022445
631,2023-07-29 22:37:16,973,Home & Kitchen,6,333.54255009429113,202,North,2001.255300565747
632,2023-11-16 06:32:16,802,Electronics,4,382.17279148160515,269,South,1528.6911659264206
633,2023-05-20 20:54:14,616,Clothing,3,251.53165749855808,127,North,754.5949724956743
634,2023-11-01 09:15:59,597,Electronics,2,110.39006951982277,293,North,220.78013903964555
635,2023-09-23 11:49:25,598,Electronics,4,406.90189181022794,161,North,1627.6075672409117
636,2023-04-12 10:47:08,305,Sports,5,288.2321207853449,118,South,1441.1606039267244
637,2023-03-24 03:57:43,514,Home & Kitchen,5,78.35754495554654,240,West,391.7877247777327
638,2023-06-23 21:47:52,465,Electronics,7,404.3980731667244,166,East,2830.7865121670707
639,2023-04-05 20:55:53,955,Electronics,4,479.7070960776633,200,West,1918.8283843106533
640,2023-09-07 11:23:14,838,Books,8,179.62029758794824,239,North,1436.962380703586
641,2023-07-05 07:03:08,519,Books,5,153.8210035223573,190,South,769.1050176117865
642,2023-04-17 21:54:44,685,Electronics,1,50.06983732170738,6,North,50.06983732170738
643,2023-12-01 01:43:46,318,Sports,1,335.60070096021366,146,East,335.60070096021366
644,2023-10-16 00:28:30,638,Electronics,1,479.8911930632834,275,North,479.8911930632834
645,2023-10-01 02:33:50,474,Clothing,1,76.63641809588773,19,East,76.63641809588773
646,2023-06-14 01:47:55,122,Home & Kitchen,5,247.72821934646458,34,South,1238.641096732323
647,2023-03-19 06:39:40,560,Sports,6,58.136710480091445,139,South,348.8202628805487
648,2023-10-01 05:29:16,819,Books,6,26.713852817809748,10,West,160.28311690685848
649,2023-03-01 17:19:10,454,Home & Kitchen,3,335.60551482714624,155,South,1006.8165444814388
650,2023-08-19 07:53:14,702,Clothing,1,435.16671591831397,133,North,435.16671591831397
651,2023-02-06 10:45:13,151,Sports,8,175.40956270175457,90,East,1403.2765016140365
652,2023-11-23 03:07:49,914,Sports,2,439.1249354609486,115,North,878.2498709218972
653,2023-04-15 21:10:32,820,Sports,1,67.35601858400562,230,East,67.35601858400562
654,2023-06-19 20:43:23,673,Books,8,126.60073413956334,274,South,1012.8058731165067
655,2023-06-17 02:33:07,544,Home & Kitchen,7,451.7872961842921,253,West,3162.5110732900444
656,2023-06-18 10:13:31,915,Clothing,8,259.16984790842844,113,North,2073.3587832674275
657,2023-11-19 11:27:57,204,Electronics,1,308.01426806054184,18,South,308.01426806054184
658,2023-09-03 01:22:51,740,Electronics,5,28.628933945828877,201,West,143.14466972914437
659,2023-08-19 05:32:42,494,Electronics,9,72.91105597246556,103,West,656.19950375219
660,2023-03-09 13:18:38,427,Home & Kitchen,6,37.33749812541805,59,South,224.0249887525083
661,2023-05-15 16:53:44,706,Sports,3,453.4503625753379,88,East,1360.3510877260137
662,2023-10-17 06:10:15,618,Clothing,6,76.04953229676404,163,East,456.2971937805843
663,2023-05-30 16:57:47,785,Books,5,426.3396850382897,230,East,2131.6984251914487
664,2023-05-20 14:47:27,345,Sports,2,182.00700269250203,197,North,364.01400538500405
665,2023-12-11 23:11:56,514,Books,1,402.29277321923223,131,South,402.29277321923223
666,2023-12-23 02:39:20,627,Sports,3,188.87133825380621,282,North,566.6140147614186
667,2023-01-29 21:31:22,269,Electronics,6,141.16517944950948,139,East,846.9910766970569
668,2023-03-24 10:09:01,266,Sports,5,55.89374358263804,20,East,279.4687179131902
669,2023-09-02 20:27:59,409,Electronics,3,147.54622938132553,85,East,442.6386881439766
670,2023-12-16 20:58:58,694,Electronics,8,241.0250611914672,183,South,1928.2004895317375
671,2023-07-19 05:46:00,491,Clothing,4,410.5793114594298,292,South,1642.3172458377192
672,2023-10-13 20:50:14,320,Clothing,6,231.73232783666194,200,West,1390.3939670199716
673,2023-05-31 13:06:41,933,Books,7,486.00343171943257,37,West,3402.024022036028
674,2023-04-08 21:49:10,781,Books,5,275.40017531886326,114,West,1377.0008765943162
675,2023-05-01 09:48:39,934,Home & Kitchen,9,22.223358607607285,47,East,200.01022746846556
676,2023-12-14 10:36:06,214,Home & Kitchen,1,213.5299770937235,88,West,213.5299770937235
677,2023-12-06 01:46:18,960,Books,1,347.5605626193917,164,South,347.5605626193917
678,2023-12-31 07:50:53,434,Clothing,3,124.80290666241414,93,South,374.4087199872424
679,2023-03-23 06:04:23,841,Electronics,7,352.3286759155978,19,West,2466.3007314091847
680,2023-07-24 13:54:32,319,Home & Kitchen,2,256.81167953894294,79,North,513.6233590778859
681,2023-08-13 11:58:49,346,Clothing,6,22.611510035726496,232,North,135.66906021435898
682,2023-08-25 15:34:46,200,Electronics,6,389.4329452453008,149,West,2336.597671471805
683,2023-05-06 05:57:42,515,Home & Kitchen,3,284.5831148688968,37,East,853.7493446066904
684,2023-04-05 08:24:54,321,Clothing,4,50.421816509735756,14,East,201.68726603894302
685,2023-11-27 22:02:55,278,Books,4,242.85487639651376,108,West,971.419505586055
686,2023-01-08 19:43:05,608,Clothing,4,150.77351206962587,278,South,603.0940482785035
687,2023-05-05 01:13:18,274,Home & Kitchen,9,441.0439558680872,240,North,3969.395602812785
688,2023-01-24 00:02:13,705,Electronics,6,149.61425587555186,190,North,897.6855352533112
689,2023-05-09 02:08:51,726,Home & Kitchen,6,471.4266647773575,289,East,2828.559988664145
690,2023-11-16 18:31:19,773,Sports,2,277.60504718008514,31,West,555.2100943601703
691,2023-12-05 01:04:42,880,Books,9,168.57071767789344,74,West,1517.136459101041
692,2023-11-26 03:57:40,836,Sports,8,408.6370585346129,92,North,3269.096468276903
693,2023-08-09 02:57:43,845,Home & Kitchen,8,351.72618539922524,280,South,2813.809483193802
694,2023-04-20 09:16:29,948,Home & Kitchen,2,212.84162289098097,277,North,425.68324578196194
695,2023-07-24 06:46:26,166,Clothing,1,318.51296832623063,97,West,318.51296832623063
696,2023-12-31 17:13:21,556,Clothing,5,391.50628937385784,278,West,1957.531446869289
697,2023-09-15 08:46:07,225,Sports,7,427.26331919890976,85,North,2990.8432343923682
698,2023-01-28 10:37:22,238,Clothing,1,410.04222971989117,176,East,410.04222971989117
699,2023-10-02 01:07:13,724,Clothing,4,91.37777341077481,89,North,365.51109364309923
700,2023-12-09 14:08:08,830,Sports,4,415.91088072675694,171,East,1663.6435229070278
701,2023-03-28 19:32:21,255,Clothing,5,38.72823885304834,14,East,193.6411942652417
702,2023-05-25 02:12:23,796,Sports,2,108.08363395977862,92,North,216.16726791955725
703,2023-03-20 18:41:58,220,Electronics,1,315.2340928323347,132,East,315.2340928323347
704,2023-12-23 09:49:08,421,Sports,5,66.19933746898312,162,South,330.9966873449156
705,2023-04-22 00:07:45,548,Clothing,7,305.64032157753803,286,West,2139.482251042766
706,2023-08-12 02:53:49,809,Books,9,160.90318876814624,67,West,1448.1286989133162
707,2023-06-28 11:31:20,956,Books,3,220.43862672577768,39,East,661.315880177333
708,2023-12-18 14:16:17,390,Sports,2,164.42423668828425,210,East,328.8484733765685
709,2023-06-22 07:07:35,103,Books,3,44.38504825380319,78,North,133.1551447614096
710,2023-05-12 20:55:28,800,Books,2,255.37178893176085,234,West,510.7435778635217
711,2023-05-30 10:16:45,338,Clothing,1,482.16372775349487,26,West,482.16372775349487
712,2023-04-09 17:59:11,777,Electronics,2,309.7738405984623,38,North,619.5476811969246
713,2023-12-03 00:08:21,271,Electronics,7,157.0156170923914,271,East,1099.1093196467398
714,2023-12-20 03:09:26,823,Clothing,5,478.5134187207694,69,East,2392.567093603847
715,2023-12-02 15:27:42,956,Electronics,5,200.7262534565914,281,East,1003.631267282957
716,2023-05-12 19:44:28,682,Sports,6,351.78368959573334,232,West,2110.7021375744
717,2023-09-02 09:41:04,760,Electronics,4,320.7152744119977,155,South,1282.8610976479908
718,2023-10-26 13:09:03,896,Books,7,476.92631553903726,251,North,3338.484208773261
719,2023-07-20 01:10:51,727,Clothing,1,458.1553203024701,138,West,458.1553203024701
720,2023-06-29 10:48:54,934,Home & Kitchen,3,82.5219876115153,245,South,247.5659628345459
721,2023-12-21 00:29:03,704,Books,1,51.98607861741701,184,North,51.98607861741701
722,2023-12-06 19:50:54,714,Books,8,406.7247406214265,85,West,3253.797924971412
723,2023-01-05 19:29:15,969,Sports,8,453.42217451544326,199,North,3627.377396123546
724,2023-01-27 11:17:47,479,Home & Kitchen,2,251.55706592222074,259,South,503.1141318444415
725,2023-08-10 18:46:08,809,Sports,5,348.4730241785498,168,South,1742.365120892749
726,2023-01-21 15:40:30,209,Clothing,9,44.19625728742492,58,North,397.7663155868243
727,2023-04-25 17:01:15,429,Home & Kitchen,1,117.70415494967122,251,North,117.70415494967122
728,2023-11-16 07:21:31,200,Clothing,4,83.19433538179337,141,West,332.77734152717346
729,2023-07-04 09:32:55,794,Electronics,5,304.5686859395166,256,West,1522.8434296975831
730,2023-01-08 15:38:59,945,Books,7,106.7945479453925,152,South,747.5618356177474
731,2023-12-23 08:37:41,607,Electronics,2,39.324694619916805,134,West,78.64938923983361
732,2023-09-28 07:12:50,771,Clothing,4,158.08156854064526,184,South,632.3262741625811
733,2023-11-27 00:08:35,693,Sports,4,341.83409026583683,193,North,1367.3363610633473
734,2023-07-29 02:33:51,135,Books,3,293.1532248883087,292,South,879.4596746649262
735,2023-10-15 10:52:42,337,Books,5,172.05523309237154,11,East,860.2761654618577
736,2023-12-18 00:41:27,343,Home & Kitchen,5,418.4046491632545,158,North,2092.0232458162723
737,2023-03-19 12:33:33,350,Electronics,5,145.3718629259239,211,West,726.8593146296195
738,2023-09-09 02:07:30,492,Clothing,6,137.66834279918447,60,South,826.0100567951068
739,2023-09-30 06:48:59,866,Clothing,9,284.37423128689824,117,East,2559.368081582084
740,2023-03-31 15:52:16,381,Clothing,4,244.32566352443007,176,North,977.3026540977203
741,2023-12-01 04:55:05,121,Clothing,7,228.52660369417674,139,West,1599.6862258592373
742,2023-09-13 03:26:42,529,Sports,6,86.33495328749291,148,North,518.0097197249574
743,2023-05-25 21:49:12,329,Clothing,4,257.2766339001656,230,South,1029.1065356006625
744,2023-01-22 02:01:34,500,Sports,4,136.91926946496767,78,East,547.6770778598707
745,2023-02-08 20:16:42,253,Sports,8,202.16814248331752,186,South,1617.3451398665402
746,2023-03-12 06:51:03,219,Home & Kitchen,1,369.4495193585971,37,South,369.4495193585971
747,2023-03-20 11:26:47,777,Home & Kitchen,8,469.06278452408424,4,East,3752.502276192674
748,2023-07-03 02:55:09,995,Electronics,5,389.1928529427689,247,South,1945.9642647138446
749,2023-12-05 01:55:56,485,Clothing,1,208.7606083653992,85,West,208.7606083653992
750,2023-06-15 07:08:11,489,Sports,6,300.5862382710943,73,North,1803.517429626566
751,2023-05-15 03:21:12,810,Home & Kitchen,4,375.78392977909493,9,West,1503.1357191163797
752,2023-03-06 11:56:07,496,Clothing,7,212.96831454698685,198,East,1490.7782018289079
753,2023-01-02 16:45:33,446,Home & Kitchen,8,186.52159781802754,222,West,1492.1727825442204
754,2023-09-18 11:19:40,686,Home & Kitchen,1,76.269215018373,209,South,76.269215018373
755,2023-03-07 22:33:10,178,Electronics,4,370.767792723179,228,South,1483.071170892716
756,2023-11-30 01:55:11,930,Sports,3,420.8692094957362,51,South,1262.6076284872086
757,2023-12-20 13:42:05,684,Sports,1,165.12636140467689,81,West,165.12636140467689
758,2023-10-11 09:31:38,299,Home & Kitchen,8,393.9188051648423,118,North,3151.3504413187384
759,2023-11-28 05:32:52,913,Clothing,1,309.00439858512385,97,West,309.00439858512385
760,2023-01-26 19:13:13,233,Sports,8,394.2006927375896,12,North,3153.6055419007166
761,2023-08-14 05:48:17,659,Electronics,3,211.55531774333556,83,East,634.6659532300067
762,2023-02-02 00:42:22,799,Sports,1,376.3124181883073,217,East,376.3124181883073
763,2023-12-03 16:39:07,270,Electronics,3,210.16946776983676,25,North,630.5084033095103
764,2023-09-11 10:43:45,551,Clothing,7,53.49141285553192,129,East,374.43988998872345
765,2023-04-11 18:28:30,238,Home & Kitchen,1,279.7836698861226,110,West,279.7836698861226
766,2023-08-02 07:56:26,854,Clothing,9,232.62107593043635,201,West,2093.589683373927
767,2023-05-24 20:14:23,413,Clothing,4,133.9111447287728,88,North,535.6445789150912
768,2023-09-04 13:36:39,575,Electronics,4,447.1355341337169,2,North,1788.5421365348675
769,2023-08-21 15:34:33,445,Clothing,7,197.59811971264057,252,West,1383.186837988484
770,2023-12-19 10:26:11,487,Home & Kitchen,7,29.171794601817883,48,West,204.20256221272518
771,2023-11-05 13:45:53,225,Sports,7,197.24651269926926,103,South,1380.7255888948848
772,2023-06-13 01:24:43,818,Electronics,5,218.0098058711812,231,East,1090.049029355906
773,2023-06-09 18:17:06,950,Electronics,3,432.20248436513833,237,South,1296.607453095415
774,2023-07-23 23:20:30,297,Clothing,6,401.59977197147134,212,North,2409.598631828828
775,2023-10-20 05:19:45,798,Clothing,5,107.98362709488289,126,East,539.9181354744145
776,2023-11-28 06:30:49,117,Clothing,3,421.1243207198467,218,South,1263.37296215954
777,2023-08-29 06:39:07,809,Books,1,131.48434184429595,127,West,131.48434184429595
778,2023-07-25 23:08:49,547,Home & Kitchen,2,177.54773260050356,239,North,355.09546520100713
779,2023-08-15 02:38:40,450,Clothing,6,47.641042448970744,35,West,285.84625469382445
780,2023-02-27 18:11:46,764,Books,6,37.12459343583828,295,North,222.74756061502967
781,2023-07-20 11:44:40,743,Electronics,9,343.62145919745734,243,West,3092.593132777116
782,2023-11-18 14:26:30,425,Home & Kitchen,5,462.43713141564916,212,West,2312.1856570782456
783,2023-03-12 08:43:47,524,Books,1,251.57825857653606,290,West,251.57825857653606
784,2023-07-26 11:05:49,264,Electronics,7,423.6059188597057,133,South,2965.24143201794
785,2023-02-23 04:40:55,670,Sports,2,398.9381123494001,218,West,797.8762246988002
786,2023-09-12 11:44:46,277,Sports,2,335.69257445685133,244,South,671.3851489137027
787,2023-09-27 02:56:58,539,Home & Kitchen,4,489.33217624771146,72,South,1957.3287049908458
788,2023-12-11 18:20:06,764,Books,1,403.07208122942916,127,East,403.07208122942916
789,2023-11-13 11:30:50,773,Books,4,144.6737531649881,293,West,578.6950126599525
790,2023-08-18 15:52:22,965,Electronics,2,396.6169806483429,52,East,793.2339612966858
791,2023-03-27 03:26:33,562,Sports,4,349.40420667911275,224,South,1397.616826716451
792,2023-10-10 12:24:19,853,Sports,2,205.76501885181233,62,South,411.53003770362466
793,2023-04-09 19:34:40,235,Clothing,5,47.63076041128636,190,North,238.1538020564318
794,2023-06-17 14:19:10,847,Books,8,115.03616951286884,195,East,920.2893561029507
795,2023-08-02 22:28:33,146,Home & Kitchen,7,400.64656690524396,154,South,2804.5259683367076
796,2023-12-03 11:33:12,596,Sports,5,131.75779118666412,245,East,658.7889559333206
797,2023-01-23 14:34:07,739,Home & Kitchen,6,498.9504116814405,164,East,2993.702470088643
798,2023-06-20 02:16:48,437,Home & Kitchen,7,350.05418859438686,223,East,2450.379320160708
799,2023-07-20 07:33:37,257,Clothing,1,243.83901555162785,245,North,243.83901555162785
800,2023-03-14 08:04:27,624,Sports,5,289.51397820384426,181,West,1447.5698910192214
801,2023-12-10 13:05:03,730,Home & Kitchen,4,309.32763453530373,138,South,1237.310538141215
802,2023-12-03 17:25:40,914,Sports,8,484.7829618159854,50,South,3878.263694527883
803,2023-01-14 07:33:42,986,Clothing,1,89.25318536944455,185,West,89.25318536944455
804,2023-06-16 19:08:33,388,Electronics,1,143.47394330376974,158,South,143.47394330376974
805,2023-09-13 08:46:35,902,Electronics,9,357.6996135059094,204,North,3219.2965215531844
806,2023-06-15 03:05:23,215,Electronics,4,127.53041174034712,190,North,510.1216469613885
807,2023-10-11 09:29:48,699,Home & Kitchen,7,436.9356094790046,249,West,3058.549266353032
808,2023-01-10 10:00:29,736,Home & Kitchen,6,179.80174607247812,290,West,1078.8104764348686
809,2023-05-20 14:13:13,509,Home & Kitchen,8,98.61130595875136,157,West,788.8904476700109
810,2023-08-16 16:21:19,274,Sports,4,33.334172816411055,23,North,133.33669126564422
811,2023-10-07 17:29:14,598,Books,3,301.8415697557955,90,South,905.5247092673865
812,2023-10-01 15:52:27,975,Sports,9,414.3882728817303,18,East,3729.4944559355727
813,2023-05-17 16:44:08,664,Electronics,2,144.1586244629077,256,North,288.3172489258154
814,2023-08-03 01:03:29,722,Books,4,459.59434826682195,34,East,1838.3773930672878
815,2023-05-28 08:17:14,676,Clothing,9,381.2897923578223,98,North,3431.6081312204005
816,2023-01-28 16:08:47,432,Books,4,40.03733442440452,90,North,160.14933769761808
817,2023-04-02 05:39:57,986,Clothing,6,290.59016837062745,8,West,1743.5410102237647
818,2023-02-28 14:16:35,685,Home & Kitchen,2,288.0460607593802,193,North,576.0921215187605
819,2023-09-03 14:26:41,246,Electronics,3,109.16242941863032,269,South,327.487288255891
820,2023-08-27 19:48:35,872,Home & Kitchen,7,173.92674554620353,242,North,1217.4872188234247
821,2023-08-27 00:52:30,875,Sports,4,234.55665785604353,88,South,938.2266314241741
822,2023-08-01 18:01:57,743,Home & Kitchen,3,33.558132406335034,39,North,100.6743972190051
823,2023-05-24 09:44:04,148,Home & Kitchen,6,83.39044055008506,3,North,500.34264330051036
824,2023-12-20 08:56:26,176,Books,4,90.36215066417377,74,East,361.4486026566951
825,2023-03-10 04:59:28,393,Clothing,6,195.82551968363154,191,North,1174.9531181017892
826,2023-05-08 23:38:12,216,Electronics,2,376.2051547515244,155,North,752.4103095030488
827,2023-02-18 15:33:56,593,Home & Kitchen,2,417.33879295765684,13,East,834.6775859153137
828,2023-04-17 21:55:25,660,Home & Kitchen,6,89.79603254834905,242,North,538.7761952900943
829,2023-09-09 16:28:52,209,Clothing,9,378.4339576433172,187,West,3405.905618789855
830,2023-06-20 19:18:48,279,Sports,4,338.647879610203,248,South,1354.591518440812
831,2023-02-06 11:12:34,661,Sports,3,446.43682203780037,67,West,1339.3104661134012
832,2023-05-08 16:24:35,171,Books,3,484.7077144331342,125,North,1454.1231432994025
833,2023-11-25 17:06:35,958,Clothing,5,70.98569831687111,249,South,354.9284915843555
834,2023-09-09 17:55:10,533,Home & Kitchen,8,49.53019209620017,180,North,396.24153676960134
835,2023-05-23 19:57:11,385,Sports,9,401.8677631864846,288,South,3616.8098686783615
836,2023-08-05 00:02:14,615,Sports,9,89.46372781207063,137,North,805.1735503086356
837,2023-08-23 09:12:18,174,Electronics,6,105.34151688603137,160,East,632.0491013161882
838,2023-11-18 23:12:58,696,Electronics,6,442.19760203765514,19,North,2653.185612225931
839,2023-07-30 22:59:47,590,Books,4,470.0927995802372,116,South,1880.371198320949
840,2023-02-12 09:56:54,421,Sports,8,166.05090952225726,292,North,1328.407276178058
841,2023-10-11 12:42:18,987,Sports,7,422.66236921461706,126,North,2958.6365845023192
842,2023-11-26 01:15:47,632,Clothing,1,430.839885686189,183,North,430.839885686189
843,2023-12-23 10:48:47,308,Electronics,9,306.64133544599775,250,West,2759.77201901398
844,2023-11-15 11:32:40,142,Electronics,6,287.383339550941,64,South,1724.3000373056461
845,2023-11-18 21:09:20,598,Sports,6,292.16082053034876,217,South,1752.9649231820927
846,2023-02-15 09:43:32,128,Books,4,157.63170194493418,175,North,630.5268077797367
847,2023-02-11 15:31:18,510,Sports,9,313.2448490801055,97,North,2819.2036417209492
848,2023-07-21 12:46:15,955,Home & Kitchen,8,129.35433284319933,169,North,1034.8346627455946
849,2023-06-05 06:26:53,280,Electronics,5,97.03982213704829,59,East,485.19911068524146
850,2023-11-22 16:20:00,404,Electronics,8,212.3457226677631,52,East,1698.765781342105
851,2023-07-06 22:56:43,714,Clothing,2,355.83240726237324,55,West,711.6648145247465
852,2023-01-30 00:10:00,877,Books,4,314.4995668022175,57,North,1257.99826720887
853,2023-10-31 08:56:18,358,Clothing,6,482.7922188764542,53,North,2896.7533132587255
854,2023-05-17 14:16:27,472,Electronics,9,326.763396569204,102,West,2940.870569122836
855,2023-11-27 16:03:03,976,Books,6,79.24388440000101,67,West,475.46330640000605
856,2023-12-21 22:30:00,845,Sports,9,88.99692451333385,34,North,800.9723206200047
857,2023-08-03 12:05:11,957,Sports,8,55.60289863813774,299,North,444.8231891051019
858,2023-03-22 20:57:23,480,Books,4,103.67514484853636,7,East,414.70057939414545
859,2023-08-20 18:47:52,985,Home & Kitchen,6,302.9959413327693,94,South,1817.9756479966159
860,2023-03-01 02:26:24,712,Sports,7,420.7603727572595,33,South,2945.3226093008166
861,2023-05-10 18:08:03,190,Clothing,6,447.9951495130541,166,South,2687.970897078325
862,2023-05-31 13:46:44,168,Sports,4,206.0215044756738,139,West,824.0860179026952
863,2023-02-20 17:24:34,717,Sports,3,283.70568400774357,4,North,851.1170520232307
864,2023-04-06 00:00:30,622,Home & Kitchen,4,406.5078001538986,154,West,1626.0312006155943
865,2023-10-04 18:22:40,112,Sports,2,162.91455538563287,190,West,325.82911077126573
866,2023-09-30 00:19:13,716,Clothing,7,301.8778121749606,105,East,2113.144685224724
867,2023-01-10 08:23:51,325,Clothing,4,95.30043041629618,205,South,381.2017216651847
868,2023-06-06 06:24:25,521,Clothing,8,243.50476685386639,196,West,1948.038134830931
869,2023-10-31 17:42:27,267,Electronics,8,94.80540757809949,227,East,758.4432606247959
870,2023-07-27 18:50:32,478,Sports,6,236.58893124658132,220,North,1419.533587479488
871,2023-04-29 00:52:12,389,Sports,3,204.441648966114,50,North,613.324946898342
872,2023-04-19 18:06:33,199,Books,2,222.29976351524172,2,West,444.59952703048344
873,2023-09-15 08:46:42,317,Home & Kitchen,8,129.41899079219382,265,South,1035.3519263375506
874,2023-11-11 19:53:14,406,Electronics,6,76.661237765468,103,West,459.967426592808
875,2023-03-05 08:39:44,444,Sports,1,145.07601068074396,98,North,145.07601068074396
876,2023-08-23 00:30:20,310,Clothing,4,127.39421922951547,96,South,509.5768769180619
877,2023-01-07 01:25:02,888,Electronics,8,369.80513926638037,158,East,2958.441114131043
878,2023-04-02 04:36:54,834,Electronics,2,361.3177857609576,49,North,722.6355715219152
879,2023-08-16 02:52:16,768,Clothing,1,296.39666694449346,189,South,296.39666694449346
880,2023-07-31 02:19:40,684,Books,9,54.75356110269984,253,South,492.7820499242986
881,2023-07-07 13:29:37,374,Sports,2,287.46830859721615,206,West,574.9366171944323
882,2023-02-09 09:41:43,509,Home & Kitchen,8,48.82614271089292,157,North,390.60914168714334
883,2023-12-21 19:46:21,651,Books,8,18.90477944535653,81,West,151.23823556285225
884,2023-04-15 03:39:49,334,Home & Kitchen,7,182.77209641745134,228,West,1279.4046749221593
885,2023-08-10 10:31:08,735,Home & Kitchen,1,127.86701034131072,89,East,127.86701034131072
886,2023-08-19 23:09:51,384,Sports,6,301.3773639021909,275,East,1808.2641834131455
887,2023-11-14 03:56:54,764,Electronics,6,465.0348191541107,162,East,2790.2089149246644
888,2023-04-22 09:50:19,758,Clothing,7,362.7274936078841,9,West,2539.0924552551887
889,2023-03-14 06:05:25,807,Home & Kitchen,6,386.00682236578365,147,North,2316.040934194702
890,2023-05-02 15:10:01,272,Books,4,475.9376240816051,188,West,1903.7504963264205
891,2023-03-30 15:37:15,823,Sports,4,320.7046296393181,40,North,1282.8185185572725
892,2023-05-05 02:46:13,401,Sports,9,293.0881612908145,153,East,2637.793451617331
893,2023-11-05 16:39:31,922,Books,4,304.91530821682716,10,North,1219.6612328673086
894,2023-01-04 14:51:09,100,Home & Kitchen,4,434.2445757180583,256,West,1736.9783028722331
895,2023-10-08 11:58:25,238,Home & Kitchen,4,200.1685272514227,51,East,800.6741090056908
896,2023-03-27 03:37:58,807,Home & Kitchen,7,399.7147504401219,217,South,2798.0032530808535
897,2023-09-22 16:49:44,831,Books,5,329.6058981388091,239,West,1648.0294906940455
898,2023-11-19 06:58:33,967,Home & Kitchen,3,159.24005988316208,168,South,477.7201796494862
899,2023-08-28 11:50:39,541,Books,6,16.707321382204924,112,East,100.24392829322954
900,2023-12-22 13:34:15,262,Sports,2,112.86079514259079,136,West,225.72159028518158
901,2023-12-06 00:05:25,150,Books,9,352.9944946671619,277,North,3176.9504520044575
902,2023-10-25 03:27:08,342,Clothing,9,294.04825177516506,169,East,2646.4342659764857
903,2023-02-20 18:56:30,970,Electronics,6,144.55140291194016,73,West,867.308417471641
904,2023-06-29 23:43:37,120,Electronics,9,222.80821098650173,129,North,2005.2738988785156
905,2023-04-27 00:43:36,783,Clothing,4,333.96289513489245,42,South,1335.8515805395698
906,2023-10-16 03:54:15,730,Books,1,72.27220884004952,33,South,72.27220884004952
907,2023-06-17 20:01:54,228,Electronics,7,221.81699461709604,11,North,1552.7189623196723
908,2023-11-01 20:36:17,584,Clothing,4,214.14586534116992,22,East,856.5834613646797
909,2023-01-12 05:59:36,465,Home & Kitchen,2,275.8744998589179,120,North,551.7489997178358
910,2023-04-12 06:06:40,205,Clothing,8,265.7377033070626,58,East,2125.9016264565007
911,2023-04-03 02:35:01,806,Electronics,9,190.1860756832463,46,East,1711.6746811492167
912,2023-11-16 23:55:32,325,Books,4,383.73947811814764,198,South,1534.9579124725906
913,2023-06-17 18:03:32,752,Books,8,42.94222959569475,284,West,343.537836765558
914,2023-01-31 03:22:10,883,Books,7,27.413851541829565,219,East,191.89696079280696
915,2023-11-11 03:29:52,218,Electronics,8,215.92707640320393,4,South,1727.4166112256314
916,2023-01-17 13:42:10,645,Home & Kitchen,7,449.38018258369897,97,South,3145.6612780858927
917,2023-08-23 14:42:35,251,Books,7,146.00898175953787,41,North,1022.0628723167652
918,2023-09-13 01:52:23,138,Sports,8,94.43156910185004,21,West,755.4525528148004
919,2023-12-18 23:49:36,869,Home & Kitchen,9,464.8221132213943,271,West,4183.399018992549
920,2023-10-06 19:53:30,366,Clothing,6,92.42939474545943,25,West,554.5763684727566
921,2023-04-27 20:29:27,106,Sports,7,193.67186298962753,289,West,1355.7030409273927
922,2023-09-02 10:23:40,993,Home & Kitchen,4,367.21760006488114,68,West,1468.8704002595246
923,2023-05-24 02:55:17,362,Electronics,8,137.85276415402487,4,South,1102.822113232199
924,2023-01-02 03:26:40,714,Sports,3,122.62626861890384,225,West,367.8788058567115
925,2023-06-07 06:26:44,431,Home & Kitchen,8,204.8569446264615,109,South,1638.855557011692
926,2023-07-28 05:30:58,470,Home & Kitchen,9,395.80875915244434,243,West,3562.278832371999
927,2023-05-18 14:21:37,441,Home & Kitchen,3,456.3818430496281,198,West,1369.1455291488844
928,2023-10-05 04:19:39,482,Home & Kitchen,4,25.333338675789147,2,South,101.33335470315659
929,2023-04-03 09:30:05,470,Books,2,90.90298241224093,146,West,181.80596482448186
930,2023-09-13 16:45:05,790,Sports,9,479.7146316819847,191,East,4317.431685137863
931,2023-09-25 04:35:49,919,Home & Kitchen,2,300.4677328589945,265,North,600.935465717989
932,2023-06-17 08:02:29,358,Clothing,1,280.1910318853717,42,East,280.1910318853717
933,2023-02-12 14:07:58,432,Home & Kitchen,1,408.6364028491574,25,South,408.6364028491574
934,2023-05-29 18:32:59,769,Books,6,29.493816033937964,64,West,176.9628962036278
935,2023-08-29 15:14:33,621,Sports,2,16.779763074757664,72,East,33.55952614951533
936,2023-07-05 13:33:54,727,Sports,6,484.07208435378,70,West,2904.43250612268
937,2023-01-03 12:05:24,489,Home & Kitchen,1,415.99963593061375,104,South,415.99963593061375
938,2023-10-17 15:05:48,728,Home & Kitchen,4,376.21707296355163,149,North,1504.8682918542065
939,2023-01-04 16:56:51,281,Clothing,9,86.29337737098469,202,South,776.6403963388622
940,2023-05-09 09:27:09,335,Sports,1,243.53592229119744,169,West,243.53592229119744
941,2023-02-27 10:18:23,293,Sports,9,469.27383389726526,71,South,4223.464505075387
942,2023-02-16 10:05:46,911,Sports,5,467.4638018557378,205,South,2337.319009278689
943,2023-10-13 05:00:12,691,Electronics,7,14.53108241996911,21,West,101.71757693978377
944,2023-12-07 11:15:15,162,Sports,1,378.72079041301714,110,East,378.72079041301714
945,2023-03-23 07:15:41,432,Sports,2,13.05650555888808,266,South,26.11301111777616
946,2023-08-28 03:20:59,659,Clothing,8,492.3078465585727,188,South,3938.4627724685815
947,2023-05-31 03:29:17,688,Clothing,3,214.31392897789226,101,West,642.9417869336768
948,2023-04-28 15:30:52,761,Books,7,487.0241914102488,132,South,3409.1693398717416
949,2023-05-26 07:10:19,220,Clothing,4,190.19593642501238,234,South,760.7837457000495
950,2023-04-28 09:17:37,886,Sports,5,153.6617723809765,64,South,768.3088619048824
951,2023-06-27 23:59:46,445,Sports,5,164.9830622789564,63,South,824.915311394782
952,2023-05-01 20:46:03,625,Sports,6,368.0327426529091,285,East,2208.196455917455
953,2023-11-21 05:24:46,322,Clothing,1,107.83968862579651,244,West,107.83968862579651
954,2023-02-27 03:25:06,704,Home & Kitchen,1,433.38826897839886,14,North,433.38826897839886
955,2023-11-23 14:51:44,336,Electronics,9,299.38061987710375,116,North,2694.4255788939336
956,2023-11-07 17:08:06,205,Books,7,485.25640271514214,229,North,3396.794819005995
957,2023-11-22 07:42:36,313,Home & Kitchen,7,493.67160270821284,110,North,3455.70121895749
958,2023-12-04 21:53:30,618,Electronics,5,100.73918063805122,78,East,503.6959031902561
959,2023-09-11 03:05:46,712,Clothing,9,478.3332062522487,280,South,4304.998856270238
960,2023-05-28 09:36:03,660,Books,1,32.8038583258,232,South,32.8038583258
961,2023-09-11 03:16:12,652,Books,8,23.65322482032178,188,East,189.22579856257423
962,2023-06-03 11:14:43,258,Clothing,6,472.49364289099043,250,West,2834.9618573459425
963,2023-04-20 17:46:56,489,Home & Kitchen,7,481.57440135049677,119,North,3371.0208094534773
964,2023-07-04 15:28:58,243,Electronics,4,82.15135960927495,202,East,328.6054384370998
965,2023-02-01 01:31:36,585,Sports,1,226.78374954060908,232,East,226.78374954060908
966,2023-09-25 11:44:50,137,Sports,5,252.1053387142094,12,West,1260.526693571047
967,2023-03-17 09:23:45,671,Electronics,3,431.53780589396916,10,West,1294.6134176819075
968,2023-06-10 11:20:51,725,Sports,2,317.6794491661228,66,North,635.3588983322456
969,2023-12-19 02:13:21,195,Home & Kitchen,8,389.5375478587916,219,East,3116.3003828703327
970,2023-06-23 00:05:10,452,Clothing,2,247.69745426133255,76,South,495.3949085226651
971,2023-09-06 00:44:02,596,Sports,1,327.7227140984958,130,East,327.7227140984958
972,2023-02-18 10:49:25,308,Clothing,3,370.35058641267074,122,North,1111.0517592380122
973,2023-02-07 14:14:21,388,Sports,8,371.56182911947764,287,North,2972.494632955821
974,2023-04-24 00:40:39,162,Sports,9,10.851535124489466,237,North,97.66381612040519
975,2023-10-27 11:56:03,494,Books,9,58.9549561277297,88,West,530.5946051495673
976,2023-10-28 21:22:19,496,Sports,1,188.19361614116383,277,East,188.19361614116383
977,2023-10-27 04:25:24,705,Books,7,39.98674908073548,159,West,279.90724356514835
978,2023-07-19 10:42:03,932,Electronics,6,197.66495416018134,166,North,1185.989724961088
979,2023-01-26 03:57:52,513,Sports,5,200.88775575137421,279,South,1004.4387787568711
980,2023-08-20 01:22:32,446,Sports,8,460.91443326609243,62,North,3687.3154661287394
981,2023-04-21 16:49:39,250,Sports,5,287.8652088983986,299,South,1439.326044491993
982,2023-03-13 21:49:59,503,Books,1,356.11212746149255,106,East,356.11212746149255
983,2023-07-24 17:24:04,489,Sports,7,444.7273542222519,21,North,3113.0914795557633
984,2023-07-31 12:50:49,904,Home & Kitchen,5,226.6433671181655,194,North,1133.2168355908275
985,2023-12-05 21:23:06,695,Electronics,7,10.961450852717277,121,South,76.73015596902094
986,2023-08-06 21:55:15,227,Clothing,5,149.81465206645274,31,East,749.0732603322637
987,2023-01-11 12:34:36,584,Clothing,1,408.93776301836857,141,South,408.93776301836857
988,2023-06-09 16:00:18,873,Books,3,451.90217320203664,150,East,1355.7065196061099
989,2023-08-02 11:34:50,448,Electronics,9,182.23969474792833,198,South,1640.157252731355
990,2023-03-23 10:30:34,560,Electronics,8,154.0557139597337,17,South,1232.4457116778697
991,2023-04-22 04:27:40,254,Clothing,9,463.0075534236794,44,West,4167.067980813114
992,2023-10-12 13:23:20,853,Books,7,182.0261306315622,24,North,1274.1829144209355
993,2023-02-10 20:07:30,183,Home & Kitchen,5,329.6001421575626,169,South,1648.0007107878127
994,2023-03-10 09:30:34,235,Electronics,5,147.35152517477604,296,East,736.7576258738802
995,2023-11-12 16:07:28,280,Clothing,9,57.98021140746334,105,South,521.82190266717
996,2023-08-23 06:42:36,692,Home & Kitchen,5,255.6057927751466,295,East,1278.028963875733
997,2023-11-21 13:30:51,513,Home & Kitchen,6,462.3836001879021,177,South,2774.3016011274126
998,2023-12-28 14:14:42,100,Home & Kitchen,4,313.1339694243795,138,West,1252.535877697518
999,2023-12-08 01:43:47,827,Sports,5,112.32504614402984,253,West,561.6252307201491
1000,2023-05-15 23:30:46,819,Home & Kitchen,3,344.39049095013036,237,West,1033.1714728503912
